time,speed,grade
0,33.53,0.0
1,33.53,0.0
2,33.53,0.0
3,33.53,0.0
4,33.53,0.0
5,33.53,0.0
6,33.53,0.0
7,33.53,0.0
8,33.53,0.0
9,33.53,0.0
10,33.53,0.0
11,33.53,0.0
12,33.53,0.0
13,33.53,0.0
14,33.53,0.0
15,33.53,0.0
16,33.53,0.0
17,33.53,0.0
18,33.53,0.0
19,33.53,0.0
20,33.53,0.0
21,33.53,0.0
22,33.53,0.0
23,33.53,0.0
24,33.53,0.0
25,33.53,0.0
26,33.53,0.0
27,33.53,0.0
28,33.53,0.0
29,33.53,0.0
30,33.53,0.0
31,33.53,0.0
32,33.53,0.0
33,33.53,0.0
34,33.53,0.0
35,33.53,0.0
36,33.53,0.0
37,33.53,0.0
38,33.53,0.0
39,33.53,0.0
40,33.53,0.0
41,33.53,0.0
42,33.53,0.0
43,33.53,0.0
44,33.53,0.0
45,33.53,0.0
46,33.53,0.0
47,33.53,0.0
48,33.53,0.0
49,33.53,0.0
50,33.53,0.0
51,33.53,0.0
52,33.53,0.0
53,33.53,0.0
54,33.53,0.0
55,33.53,0.0
56,33.53,0.0
57,33.53,0.0
58,33.53,0.0
59,33.53,0.0
60,33.53,0.0
61,33.53,0.0
62,33.53,0.0
63,33.53,0.0
64,33.53,0.0
65,33.53,0.0
66,33.53,0.0
67,33.53,0.0
68,33.53,0.0
69,33.53,0.0
70,33.53,0.0
71,33.53,0.0
72,33.53,0.0
73,33.53,0.0
74,33.53,0.0
75,33.53,0.0
76,33.53,0.0
77,33.53,0.0
78,33.53,0.0
79,33.53,0.0
80,33.53,0.0
81,33.53,0.0
82,33.53,0.0
83,33.53,0.0
84,33.53,0.0
85,33.53,0.0
86,33.53,0.0
87,33.53,0.0
88,33.53,0.0
89,33.53,0.0
90,33.53,0.0
91,33.53,0.0
92,33.53,0.0
93,33.53,0.0
94,33.53,0.0
95,33.53,0.0
96,33.53,0.0
97,33.53,0.0
98,33.53,0.0
99,33.53,0.0
100,33.53,0.0
101,33.53,0.0
102,33.53,0.0
103,33.53,0.0
104,33.53,0.0
105,33.53,0.0
106,33.53,0.0
107,33.53,0.0
108,33.53,0.0
109,33.53,0.0
110,33.53,0.0
111,33.53,0.0
112,33.53,0.0
113,33.53,0.0
114,33.53,0.0
115,33.53,0.0
116,33.53,0.0
117,33.53,0.0
118,33.53,0.0
119,33.53,0.0
120,33.53,0.0
121,33.53,0.0
122,33.53,0.0
123,33.53,0.0
124,33.53,0.0
125,33.53,0.0
126,33.53,0.0
127,33.53,0.0
128,33.53,0.0
129,33.53,0.0
130,33.53,0.0
131,33.53,0.0
132,33.53,0.0
133,33.53,0.0
134,33.53,0.0
135,33.53,0.0
136,33.53,0.0
137,33.53,0.0
138,33.53,0.0
139,33.53,0.0
140,33.53,0.0
141,33.53,0.0
142,33.53,0.0
143,33.53,0.0
144,33.53,0.0
145,33.53,0.0
146,33.53,0.0
147,33.53,0.0
148,33.53,0.0
149,33.53,0.0
150,33.53,0.0
151,33.53,0.0
152,33.53,0.0
153,33.53,0.0
154,33.53,0.0
155,33.53,0.0
156,33.53,0.0
157,33.53,0.0
158,33.53,0.0
159,33.53,0.0
160,33.53,0.0
161,33.53,0.0
162,33.53,0.0
163,33.53,0.0
164,33.53,0.0
165,33.53,0.0
166,33.53,0.0
167,33.53,0.0
168,33.53,0.0
169,33.53,0.0
170,33.53,0.0
171,33.53,0.0
172,33.53,0.0
173,33.53,0.0
174,33.53,0.0
175,33.53,0.0
176,33.53,0.0
177,33.53,0.0
178,33.53,0.0
179,33.53,0.0
180,33.53,0.0
181,33.53,0.0
182,33.53,0.0
183,33.53,0.0
184,33.53,0.0
185,33.53,0.0
186,33.53,0.0
187,33.53,0.0
188,33.53,0.0
189,33.53,0.0
190,33.53,0.0
191,33.53,0.0
192,33.53,0.0
193,33.53,0.0
194,33.53,0.0
195,33.53,0.0
196,33.53,0.0
197,33.53,0.0
198,33.53,0.0
199,33.53,0.0
200,33.53,0.0
201,33.53,0.0
202,33.53,0.0
203,33.53,0.0
204,33.53,0.0
205,33.53,0.0
206,33.53,0.0
207,33.53,0.0
208,33.53,0.0
209,33.53,0.0
210,33.53,0.0
211,33.53,0.0
212,33.53,0.0
213,33.53,0.0
214,33.53,0.0
215,33.53,0.0
216,33.53,0.0
217,33.53,0.0
218,33.53,0.0
219,33.53,0.0
220,33.53,0.0
221,33.53,0.0
222,33.53,0.0
223,33.53,0.0
224,33.53,0.0
225,33.53,0.0
226,33.53,0.0
227,33.53,0.0
228,33.53,0.0
229,33.53,0.0
230,33.53,0.0
231,33.53,0.0
232,33.53,0.0
233,33.53,0.0
234,33.53,0.0
235,33.53,0.0
236,33.53,0.0
237,33.53,0.0
238,33.53,0.0
239,33.53,0.0
240,33.53,0.0
241,33.53,0.0
242,33.53,0.0
243,33.53,0.0
244,33.53,0.0
245,33.53,0.0
246,33.53,0.0
247,33.53,0.0
248,33.53,0.0
249,33.53,0.0
250,33.53,0.0
251,33.53,0.0
252,33.53,0.0
253,33.53,0.0
254,33.53,0.0
255,33.53,0.0
256,33.53,0.0
257,33.53,0.0
258,33.53,0.0
259,33.53,0.0
260,33.53,0.0
261,33.53,0.0
262,33.53,0.0
263,33.53,0.0
264,33.53,0.0
265,33.53,0.0
266,33.53,0.0
267,33.53,0.0
268,33.53,0.0
269,33.53,0.0
270,33.53,0.0
271,33.53,0.0
272,33.53,0.0
273,33.53,0.0
274,33.53,0.0
275,33.53,0.0
276,33.53,0.0
277,33.53,0.0
278,33.53,0.0
279,33.53,0.0
280,33.53,0.0
281,33.53,0.0
282,33.53,0.0
283,33.53,0.0
284,33.53,0.0
285,33.53,0.0
286,33.53,0.0
287,33.53,0.0
288,33.53,0.0
289,33.53,0.0
290,33.53,0.0
291,33.53,0.0
292,33.53,0.0
293,33.53,0.0
294,33.53,0.0
295,33.53,0.0
296,33.53,0.0
297,33.53,0.0
298,33.53,0.0
299,33.53,0.0
300,33.53,0.0
301,33.53,0.0
302,33.53,0.0
303,33.53,0.0
304,33.53,0.0
305,33.53,0.0
306,33.53,0.0
307,33.53,0.0
308,33.53,0.0
309,33.53,0.0
310,33.53,0.0
311,33.53,0.0
312,33.53,0.0
313,33.53,0.0
314,33.53,0.0
315,33.53,0.0
316,33.53,0.0
317,33.53,0.0
318,33.53,0.0
319,33.53,0.0
320,33.53,0.0
321,33.53,0.0
322,33.53,0.0
323,33.53,0.0
324,33.53,0.0
325,33.53,0.0
326,33.53,0.0
327,33.53,0.0
328,33.53,0.0
329,33.53,0.0
330,33.53,0.0
331,33.53,0.0
332,33.53,0.0
333,33.53,0.0
334,33.53,0.0
335,33.53,0.0
336,33.53,0.0
337,33.53,0.0
338,33.53,0.0
339,33.53,0.0
340,33.53,0.0
341,33.53,0.0
342,33.53,0.0
343,33.53,0.0
344,33.53,0.0
345,33.53,0.0
346,33.53,0.0
347,33.53,0.0
348,33.53,0.0
349,33.53,0.0
350,33.53,0.0
351,33.53,0.0
352,33.53,0.0
353,33.53,0.0
354,33.53,0.0
355,33.53,0.0
356,33.53,0.0
357,33.53,0.0
358,33.53,0.0
359,33.53,0.0
360,33.53,0.0
361,33.53,0.0
362,33.53,0.0
363,33.53,0.0
364,33.53,0.0
365,33.53,0.0
366,33.53,0.0
367,33.53,0.0
368,33.53,0.0
369,33.53,0.0
370,33.53,0.0
371,33.53,0.0
372,33.53,0.0
373,33.53,0.0
374,33.53,0.0
375,33.53,0.0
376,33.53,0.0
377,33.53,0.0
378,33.53,0.0
379,33.53,0.0
380,33.53,0.0
381,33.53,0.0
382,33.53,0.0
383,33.53,0.0
384,33.53,0.0
385,33.53,0.0
386,33.53,0.0
387,33.53,0.0
388,33.53,0.0
389,33.53,0.0
390,33.53,0.0
391,33.53,0.0
392,33.53,0.0
393,33.53,0.0
394,33.53,0.0
395,33.53,0.0
396,33.53,0.0
397,33.53,0.0
398,33.53,0.0
399,33.53,0.0
400,33.53,0.0
401,33.53,0.0
402,33.53,0.0
403,33.53,0.0
404,33.53,0.0
405,33.53,0.0
406,33.53,0.0
407,33.53,0.0
408,33.53,0.0
409,33.53,0.0
410,33.53,0.0
411,33.53,0.0
412,33.53,0.0
413,33.53,0.0
414,33.53,0.0
415,33.53,0.0
416,33.53,0.0
417,33.53,0.0
418,33.53,0.0
419,33.53,0.0
420,33.53,0.0
421,33.53,0.0
422,33.53,0.0
423,33.53,0.0
424,33.53,0.0
425,33.53,0.0
426,33.53,0.0
427,33.53,0.0
428,33.53,0.0
429,33.53,0.0
430,33.53,0.0
431,33.53,0.0
432,33.53,0.0
433,33.53,0.0
434,33.53,0.0
435,33.53,0.0
436,33.53,0.0
437,33.53,0.0
438,33.53,0.0
439,33.53,0.0
440,33.53,0.0
441,33.53,0.0
442,33.53,0.0
443,33.53,0.0
444,33.53,0.0
445,33.53,0.0
446,33.53,0.0
447,33.53,0.0
448,33.53,0.0
449,33.53,0.0
450,33.53,0.0
451,33.53,0.0
452,33.53,0.0
453,33.53,0.0
454,33.53,0.0
455,33.53,0.0
456,33.53,0.0
457,33.53,0.0
458,33.53,0.0
459,33.53,0.0
460,33.53,0.0
461,33.53,0.0
462,33.53,0.0
463,33.53,0.0
464,33.53,0.0
465,33.53,0.0
466,33.53,0.0
467,33.53,0.0
468,33.53,0.0
469,33.53,0.0
470,33.53,0.0
471,33.53,0.0
472,33.53,0.0
473,33.53,0.0
474,33.53,0.0
475,33.53,0.0
476,33.53,0.0
477,33.53,0.0
478,33.53,0.0
479,33.53,0.0
480,33.53,0.0
481,33.53,0.0
482,33.53,0.0
483,33.53,0.0
484,33.53,0.0
485,33.53,0.0
486,33.53,0.0
487,33.53,0.0
488,33.53,0.0
489,33.53,0.0
490,33.53,0.0
491,33.53,0.0
492,33.53,0.0
493,33.53,0.0
494,33.53,0.0
495,33.53,0.0
496,33.53,0.0
497,33.53,0.0
498,33.53,0.0
499,33.53,0.0
500,33.53,0.0
501,33.53,0.0
502,33.53,0.0
503,33.53,0.0
504,33.53,0.0
505,33.53,0.0
506,33.53,0.0
507,33.53,0.0
508,33.53,0.0
509,33.53,0.0
510,33.53,0.0
511,33.53,0.0
512,33.53,0.0
513,33.53,0.0
514,33.53,0.0
515,33.53,0.0
516,33.53,0.0
517,33.53,0.0
518,33.53,0.0
519,33.53,0.0
520,33.53,0.0
521,33.53,0.0
522,33.53,0.0
523,33.53,0.0
524,33.53,0.0
525,33.53,0.0
526,33.53,0.0
527,33.53,0.0
528,33.53,0.0
529,33.53,0.0
530,33.53,0.0
531,33.53,0.0
532,33.53,0.0
533,33.53,0.0
534,33.53,0.0
535,33.53,0.0
536,33.53,0.0
537,33.53,0.0
538,33.53,0.0
539,33.53,0.0
540,33.53,0.0
541,33.53,0.0
542,33.53,0.0
543,33.53,0.0
544,33.53,0.0
545,33.53,0.0
546,33.53,0.0
547,33.53,0.0
548,33.53,0.0
549,33.53,0.0
550,33.53,0.0
551,33.53,0.0
552,33.53,0.0
553,33.53,0.0
554,33.53,0.0
555,33.53,0.0
556,33.53,0.0
557,33.53,0.0
558,33.53,0.0
559,33.53,0.0
560,33.53,0.0
561,33.53,0.0
562,33.53,0.0
563,33.53,0.0
564,33.53,0.0
565,33.53,0.0
566,33.53,0.0
567,33.53,0.0
568,33.53,0.0
569,33.53,0.0
570,33.53,0.0
571,33.53,0.0
572,33.53,0.0
573,33.53,0.0
574,33.53,0.0
575,33.53,0.0
576,33.53,0.0
577,33.53,0.0
578,33.53,0.0
579,33.53,0.0
580,33.53,0.0
581,33.53,0.0
582,33.53,0.0
583,33.53,0.0
584,33.53,0.0
585,33.53,0.0
586,33.53,0.0
587,33.53,0.0
588,33.53,0.0
589,33.53,0.0
590,33.53,0.0
591,33.53,0.0
592,33.53,0.0
593,33.53,0.0
594,33.53,0.0
595,33.53,0.0
596,33.53,0.0
597,33.53,0.0
598,33.53,0.0
599,33.53,0.0
600,33.53,0.0
601,33.53,0.0
602,33.53,0.0
603,33.53,0.0
604,33.53,0.0
605,33.53,0.0
606,33.53,0.0
607,33.53,0.0
608,33.53,0.0
609,33.53,0.0
610,33.53,0.0
611,33.53,0.0
612,33.53,0.0
613,33.53,0.0
614,33.53,0.0
615,33.53,0.0
616,33.53,0.0
617,33.53,0.0
618,33.53,0.0
619,33.53,0.0
620,33.53,0.0
621,33.53,0.0
622,33.53,0.0
623,33.53,0.0
624,33.53,0.0
625,33.53,0.0
626,33.53,0.0
627,33.53,0.0
628,33.53,0.0
629,33.53,0.0
630,33.53,0.0
631,33.53,0.0
632,33.53,0.0
633,33.53,0.0
634,33.53,0.0
635,33.53,0.0
636,33.53,0.0
637,33.53,0.0
638,33.53,0.0
639,33.53,0.0
640,33.53,0.0
641,33.53,0.0
642,33.53,0.0
643,33.53,0.0
644,33.53,0.0
645,33.53,0.0
646,33.53,0.0
647,33.53,0.0
648,33.53,0.0
649,33.53,0.0
650,33.53,0.0
651,33.53,0.0
652,33.53,0.0
653,33.53,0.0
654,33.53,0.0
655,33.53,0.0
656,33.53,0.0
657,33.53,0.0
658,33.53,0.0
659,33.53,0.0
660,33.53,0.0
661,33.53,0.0
662,33.53,0.0
663,33.53,0.0
664,33.53,0.0
665,33.53,0.0
666,33.53,0.0
667,33.53,0.0
668,33.53,0.0
669,33.53,0.0
670,33.53,0.0
671,33.53,0.0
672,33.53,0.0
673,33.53,0.0
674,33.53,0.0
675,33.53,0.0
676,33.53,0.0
677,33.53,0.0
678,33.53,0.0
679,33.53,0.0
680,33.53,0.0
681,33.53,0.0
682,33.53,0.0
683,33.53,0.0
684,33.53,0.0
685,33.53,0.0
686,33.53,0.0
687,33.53,0.0
688,33.53,0.0
689,33.53,0.0
690,33.53,0.0
691,33.53,0.0
692,33.53,0.0
693,33.53,0.0
694,33.53,0.0
695,33.53,0.0
696,33.53,0.0
697,33.53,0.0
698,33.53,0.0
699,33.53,0.0
700,33.53,0.0
701,33.53,0.0
702,33.53,0.0
703,33.53,0.0
704,33.53,0.0
705,33.53,0.0
706,33.53,0.0
707,33.53,0.0
708,33.53,0.0
709,33.53,0.0
710,33.53,0.0
711,33.53,0.0
712,33.53,0.0
713,33.53,0.0
714,33.53,0.0
715,33.53,0.0
716,33.53,0.0
717,33.53,0.0
718,33.53,0.0
719,33.53,0.0
720,33.53,0.0
721,33.53,0.0
722,33.53,0.0
723,33.53,0.0
724,33.53,0.0
725,33.53,0.0
726,33.53,0.0
727,33.53,0.0
728,33.53,0.0
729,33.53,0.0
730,33.53,0.0
731,33.53,0.0
732,33.53,0.0
733,33.53,0.0
734,33.53,0.0
735,33.53,0.0
736,33.53,0.0
737,33.53,0.0
738,33.53,0.0
739,33.53,0.0
740,33.53,0.0
741,33.53,0.0
742,33.53,0.0
743,33.53,0.0
744,33.53,0.0
745,33.53,0.0
746,33.53,0.0
747,33.53,0.0
748,33.53,0.0
749,33.53,0.0
750,33.53,0.0
751,33.53,0.0
752,33.53,0.0
753,33.53,0.0
754,33.53,0.0
755,33.53,0.0
756,33.53,0.0
757,33.53,0.0
758,33.53,0.0
759,33.53,0.0
760,33.53,0.0
761,33.53,0.0
762,33.53,0.0
763,33.53,0.0
764,33.53,0.0
765,33.53,0.0
766,33.53,0.0
767,33.53,0.0
768,33.53,0.0
769,33.53,0.0
770,33.53,0.0
771,33.53,0.0
772,33.53,0.0
773,33.53,0.0
774,33.53,0.0
775,33.53,0.0
776,33.53,0.0
777,33.53,0.0
778,33.53,0.0
779,33.53,0.0
780,33.53,0.0
781,33.53,0.0
782,33.53,0.0
783,33.53,0.0
784,33.53,0.0
785,33.53,0.0
786,33.53,0.0
787,33.53,0.0
788,33.53,0.0
789,33.53,0.0
790,33.53,0.0
791,33.53,0.0
792,33.53,0.0
793,33.53,0.0
794,33.53,0.0
795,33.53,0.0
796,33.53,0.0
797,33.53,0.0
798,33.53,0.0
799,33.53,0.0
800,33.53,0.0
801,33.53,0.0
802,33.53,0.0
803,33.53,0.0
804,33.53,0.0
805,33.53,0.0
806,33.53,0.0
807,33.53,0.0
808,33.53,0.0
809,33.53,0.0
810,33.53,0.0
811,33.53,0.0
812,33.53,0.0
813,33.53,0.0
814,33.53,0.0
815,33.53,0.0
816,33.53,0.0
817,33.53,0.0
818,33.53,0.0
819,33.53,0.0
820,33.53,0.0
821,33.53,0.0
822,33.53,0.0
823,33.53,0.0
824,33.53,0.0
825,33.53,0.0
826,33.53,0.0
827,33.53,0.0
828,33.53,0.0
829,33.53,0.0
830,33.53,0.0
831,33.53,0.0
832,33.53,0.0
833,33.53,0.0
834,33.53,0.0
835,33.53,0.0
836,33.53,0.0
837,33.53,0.0
838,33.53,0.0
839,33.53,0.0
840,33.53,0.0
841,33.53,0.0
842,33.53,0.0
843,33.53,0.0
844,33.53,0.0
845,33.53,0.0
846,33.53,0.0
847,33.53,0.0
848,33.53,0.0
849,33.53,0.0
850,33.53,0.0
851,33.53,0.0
852,33.53,0.0
853,33.53,0.0
854,33.53,0.0
855,33.53,0.0
856,33.53,0.0
857,33.53,0.0
858,33.53,0.0
859,33.53,0.0
860,33.53,0.0
861,33.53,0.0
862,33.53,0.0
863,33.53,0.0
864,33.53,0.0
865,33.53,0.0
866,33.53,0.0
867,33.53,0.0
868,33.53,0.0
869,33.53,0.0
870,33.53,0.0
871,33.53,0.0
872,33.53,0.0
873,33.53,0.0
874,33.53,0.0
875,33.53,0.0
876,33.53,0.0
877,33.53,0.0
878,33.53,0.0
879,33.53,0.0
880,33.53,0.0
881,33.53,0.0
882,33.53,0.0
883,33.53,0.0
884,33.53,0.0
885,33.53,0.0
886,33.53,0.0
887,33.53,0.0
888,33.53,0.0
889,33.53,0.0
890,33.53,0.0
891,33.53,0.0
892,33.53,0.0
893,33.53,0.0
894,33.53,0.0
895,33.53,0.0
896,33.53,0.0
897,33.53,0.0
898,33.53,0.0
899,33.53,0.0
900,33.53,0.0
901,33.53,0.0
902,33.53,0.0
903,33.53,0.0
904,33.53,0.0
905,33.53,0.0
906,33.53,0.0
907,33.53,0.0
908,33.53,0.0
909,33.53,0.0
910,33.53,0.0
911,33.53,0.0
912,33.53,0.0
913,33.53,0.0
914,33.53,0.0
915,33.53,0.0
916,33.53,0.0
917,33.53,0.0
918,33.53,0.0
919,33.53,0.0
920,33.53,0.0
921,33.53,0.0
922,33.53,0.0
923,33.53,0.0
924,33.53,0.0
925,33.53,0.0
926,33.53,0.0
927,33.53,0.0
928,33.53,0.0
929,33.53,0.0
930,33.53,0.0
931,33.53,0.0
932,33.53,0.0
933,33.53,0.0
934,33.53,0.0
935,33.53,0.0
936,33.53,0.0
937,33.53,0.0
938,33.53,0.0
939,33.53,0.0
940,33.53,0.0
941,33.53,0.0
942,33.53,0.0
943,33.53,0.0
944,33.53,0.0
945,33.53,0.0
946,33.53,0.0
947,33.53,0.0
948,33.53,0.0
949,33.53,0.0
950,33.53,0.0
951,33.53,0.0
952,33.53,0.0
953,33.53,0.0
954,33.53,0.0
955,33.53,0.0
956,33.53,0.0
957,33.53,0.0
958,33.53,0.0
959,33.53,0.0
960,33.53,0.0
961,33.53,0.0
962,33.53,0.0
963,33.53,0.0
964,33.53,0.0
965,33.53,0.0
966,33.53,0.0
967,33.53,0.0
968,33.53,0.0
969,33.53,0.0
970,33.53,0.0
971,33.53,0.0
972,33.53,0.0
973,33.53,0.0
974,33.53,0.0
975,33.53,0.0
976,33.53,0.0
977,33.53,0.0
978,33.53,0.0
979,33.53,0.0
980,33.53,0.0
981,33.53,0.0
982,33.53,0.0
983,33.53,0.0
984,33.53,0.0
985,33.53,0.0
986,33.53,0.0
987,33.53,0.0
988,33.53,0.0
989,33.53,0.0
990,33.53,0.0
991,33.53,0.0
992,33.53,0.0
993,33.53,0.0
994,33.53,0.0
995,33.53,0.0
996,33.53,0.0
997,33.53,0.0
998,33.53,0.0
999,33.53,0.0
1000,33.53,0.0
1001,33.53,0.0
1002,33.53,0.0
1003,33.53,0.0
1004,33.53,0.0
1005,33.53,0.0
1006,33.53,0.0
1007,33.53,0.0
1008,33.53,0.0
1009,33.53,0.0
1010,33.53,0.0
1011,33.53,0.0
1012,33.53,0.0
1013,33.53,0.0
1014,33.53,0.0
1015,33.53,0.0
1016,33.53,0.0
1017,33.53,0.0
1018,33.53,0.0
1019,33.53,0.0
1020,33.53,0.0
1021,33.53,0.0
1022,33.53,0.0
1023,33.53,0.0
1024,33.53,0.0
1025,33.53,0.0
1026,33.53,0.0
1027,33.53,0.0
1028,33.53,0.0
1029,33.53,0.0
1030,33.53,0.0
1031,33.53,0.0
1032,33.53,0.0
1033,33.53,0.0
1034,33.53,0.0
1035,33.53,0.0
1036,33.53,0.0
1037,33.53,0.0
1038,33.53,0.0
1039,33.53,0.0
1040,33.53,0.0
1041,33.53,0.0
1042,33.53,0.0
1043,33.53,0.0
1044,33.53,0.0
1045,33.53,0.0
1046,33.53,0.0
1047,33.53,0.0
1048,33.53,0.0
1049,33.53,0.0
1050,33.53,0.0
1051,33.53,0.0
1052,33.53,0.0
1053,33.53,0.0
1054,33.53,0.0
1055,33.53,0.0
1056,33.53,0.0
1057,33.53,0.0
1058,33.53,0.0
1059,33.53,0.0
1060,33.53,0.0
1061,33.53,0.0
1062,33.53,0.0
1063,33.53,0.0
1064,33.53,0.0
1065,33.53,0.0
1066,33.53,0.0
1067,33.53,0.0
1068,33.53,0.0
1069,33.53,0.0
1070,33.53,0.0
1071,33.53,0.0
1072,33.53,0.0
1073,33.53,0.0
1074,33.53,0.0
1075,33.53,0.0
1076,33.53,0.0
1077,33.53,0.0
1078,33.53,0.0
1079,33.53,0.0
1080,33.53,0.0
1081,33.53,0.0
1082,33.53,0.0
1083,33.53,0.0
1084,33.53,0.0
1085,33.53,0.0
1086,33.53,0.0
1087,33.53,0.0
1088,33.53,0.0
1089,33.53,0.0
1090,33.53,0.0
1091,33.53,0.0
1092,33.53,0.0
1093,33.53,0.0
1094,33.53,0.0
1095,33.53,0.0
1096,33.53,0.0
1097,33.53,0.0
1098,33.53,0.0
1099,33.53,0.0
1100,33.53,0.0
1101,33.53,0.0
1102,33.53,0.0
1103,33.53,0.0
1104,33.53,0.0
1105,33.53,0.0
1106,33.53,0.0
1107,33.53,0.0
1108,33.53,0.0
1109,33.53,0.0
1110,33.53,0.0
1111,33.53,0.0
1112,33.53,0.0
1113,33.53,0.0
1114,33.53,0.0
1115,33.53,0.0
1116,33.53,0.0
1117,33.53,0.0
1118,33.53,0.0
1119,33.53,0.0
1120,33.53,0.0
1121,33.53,0.0
1122,33.53,0.0
1123,33.53,0.0
1124,33.53,0.0
1125,33.53,0.0
1126,33.53,0.0
1127,33.53,0.0
1128,33.53,0.0
1129,33.53,0.0
1130,33.53,0.0
1131,33.53,0.0
1132,33.53,0.0
1133,33.53,0.0
1134,33.53,0.0
1135,33.53,0.0
1136,33.53,0.0
1137,33.53,0.0
1138,33.53,0.0
1139,33.53,0.0
1140,33.53,0.0
1141,33.53,0.0
1142,33.53,0.0
1143,33.53,0.0
1144,33.53,0.0
1145,33.53,0.0
1146,33.53,0.0
1147,33.53,0.0
1148,33.53,0.0
1149,33.53,0.0
1150,33.53,0.0
1151,33.53,0.0
1152,33.53,0.0
1153,33.53,0.0
1154,33.53,0.0
1155,33.53,0.0
1156,33.53,0.0
1157,33.53,0.0
1158,33.53,0.0
1159,33.53,0.0
1160,33.53,0.0
1161,33.53,0.0
1162,33.53,0.0
1163,33.53,0.0
1164,33.53,0.0
1165,33.53,0.0
1166,33.53,0.0
1167,33.53,0.0
1168,33.53,0.0
1169,33.53,0.0
1170,33.53,0.0
1171,33.53,0.0
1172,33.53,0.0
1173,33.53,0.0
1174,33.53,0.0
1175,33.53,0.0
1176,33.53,0.0
1177,33.53,0.0
1178,33.53,0.0
1179,33.53,0.0
1180,33.53,0.0
1181,33.53,0.0
1182,33.53,0.0
1183,33.53,0.0
1184,33.53,0.0
1185,33.53,0.0
1186,33.53,0.0
1187,33.53,0.0
1188,33.53,0.0
1189,33.53,0.0
1190,33.53,0.0
1191,33.53,0.0
1192,33.53,0.0
1193,33.53,0.0
1194,33.53,0.0
1195,33.53,0.0
1196,33.53,0.0
1197,33.53,0.0
1198,33.53,0.0
1199,33.53,0.0
1200,33.53,0.0
1201,33.53,0.0
1202,33.53,0.0
1203,33.53,0.0
1204,33.53,0.0
1205,33.53,0.0
1206,33.53,0.0
1207,33.53,0.0
1208,33.53,0.0
1209,33.53,0.0
1210,33.53,0.0
1211,33.53,0.0
1212,33.53,0.0
1213,33.53,0.0
1214,33.53,0.0
1215,33.53,0.0
1216,33.53,0.0
1217,33.53,0.0
1218,33.53,0.0
1219,33.53,0.0
1220,33.53,0.0
1221,33.53,0.0
1222,33.53,0.0
1223,33.53,0.0
1224,33.53,0.0
1225,33.53,0.0
1226,33.53,0.0
1227,33.53,0.0
1228,33.53,0.0
1229,33.53,0.0
1230,33.53,0.0
1231,33.53,0.0
1232,33.53,0.0
1233,33.53,0.0
1234,33.53,0.0
1235,33.53,0.0
1236,33.53,0.0
1237,33.53,0.0
1238,33.53,0.0
1239,33.53,0.0
1240,33.53,0.0
1241,33.53,0.0
1242,33.53,0.0
1243,33.53,0.0
1244,33.53,0.0
1245,33.53,0.0
1246,33.53,0.0
1247,33.53,0.0
1248,33.53,0.0
1249,33.53,0.0
1250,33.53,0.0
1251,33.53,0.0
1252,33.53,0.0
1253,33.53,0.0
1254,33.53,0.0
1255,33.53,0.0
1256,33.53,0.0
1257,33.53,0.0
1258,33.53,0.0
1259,33.53,0.0
1260,33.53,0.0
1261,33.53,0.0
1262,33.53,0.0
1263,33.53,0.0
1264,33.53,0.0
1265,33.53,0.0
1266,33.53,0.0
1267,33.53,0.0
1268,33.53,0.0
1269,33.53,0.0
1270,33.53,0.0
1271,33.53,0.0
1272,33.53,0.0
1273,33.53,0.0
1274,33.53,0.0
1275,33.53,0.0
1276,33.53,0.0
1277,33.53,0.0
1278,33.53,0.0
1279,33.53,0.0
1280,33.53,0.0
1281,33.53,0.0
1282,33.53,0.0
1283,33.53,0.0
1284,33.53,0.0
1285,33.53,0.0
1286,33.53,0.0
1287,33.53,0.0
1288,33.53,0.0
1289,33.53,0.0
1290,33.53,0.0
1291,33.53,0.0
1292,33.53,0.0
1293,33.53,0.0
1294,33.53,0.0
1295,33.53,0.0
1296,33.53,0.0
1297,33.53,0.0
1298,33.53,0.0
1299,33.53,0.0
1300,33.53,0.0
1301,33.53,0.0
1302,33.53,0.0
1303,33.53,0.0
1304,33.53,0.0
1305,33.53,0.0
1306,33.53,0.0
1307,33.53,0.0
1308,33.53,0.0
1309,33.53,0.0
1310,33.53,0.0
1311,33.53,0.0
1312,33.53,0.0
1313,33.53,0.0
1314,33.53,0.0
1315,33.53,0.0
1316,33.53,0.0
1317,33.53,0.0
1318,33.53,0.0
1319,33.53,0.0
1320,33.53,0.0
1321,33.53,0.0
1322,33.53,0.0
1323,33.53,0.0
1324,33.53,0.0
1325,33.53,0.0
1326,33.53,0.0
1327,33.53,0.0
1328,33.53,0.0
1329,33.53,0.0
1330,33.53,0.0
1331,33.53,0.0
1332,33.53,0.0
1333,33.53,0.0
1334,33.53,0.0
1335,33.53,0.0
1336,33.53,0.0
1337,33.53,0.0
1338,33.53,0.0
1339,33.53,0.0
1340,33.53,0.0
1341,33.53,0.0
1342,33.53,0.0
1343,33.53,0.0
1344,33.53,0.0
1345,33.53,0.0
1346,33.53,0.0
1347,33.53,0.0
1348,33.53,0.0
1349,33.53,0.0
1350,33.53,0.0
1351,33.53,0.0
1352,33.53,0.0
1353,33.53,0.0
1354,33.53,0.0
1355,33.53,0.0
1356,33.53,0.0
1357,33.53,0.0
1358,33.53,0.0
1359,33.53,0.0
1360,33.53,0.0
1361,33.53,0.0
1362,33.53,0.0
1363,33.53,0.0
1364,33.53,0.0
1365,33.53,0.0
1366,33.53,0.0
1367,33.53,0.0
1368,33.53,0.0
1369,33.53,0.0
1370,33.53,0.0
1371,33.53,0.0
1372,33.53,0.0
1373,33.53,0.0
1374,33.53,0.0
1375,33.53,0.0
1376,33.53,0.0
1377,33.53,0.0
1378,33.53,0.0
1379,33.53,0.0
1380,33.53,0.0
1381,33.53,0.0
1382,33.53,0.0
1383,33.53,0.0
1384,33.53,0.0
1385,33.53,0.0
1386,33.53,0.0
1387,33.53,0.0
1388,33.53,0.0
1389,33.53,0.0
1390,33.53,0.0
1391,33.53,0.0
1392,33.53,0.0
1393,33.53,0.0
1394,33.53,0.0
1395,33.53,0.0
1396,33.53,0.0
1397,33.53,0.0
1398,33.53,0.0
1399,33.53,0.0
1400,33.53,0.0
1401,33.53,0.0
1402,33.53,0.0
1403,33.53,0.0
1404,33.53,0.0
1405,33.53,0.0
1406,33.53,0.0
1407,33.53,0.0
1408,33.53,0.0
1409,33.53,0.0
1410,33.53,0.0
1411,33.53,0.0
1412,33.53,0.0
1413,33.53,0.0
1414,33.53,0.0
1415,33.53,0.0
1416,33.53,0.0
1417,33.53,0.0
1418,33.53,0.0
1419,33.53,0.0
1420,33.53,0.0
1421,33.53,0.0
1422,33.53,0.0
1423,33.53,0.0
1424,33.53,0.0
1425,33.53,0.0
1426,33.53,0.0
1427,33.53,0.0
1428,33.53,0.0
1429,33.53,0.0
1430,33.53,0.0
1431,33.53,0.0
1432,33.53,0.0
1433,33.53,0.0
1434,33.53,0.0
1435,33.53,0.0
1436,33.53,0.0
1437,33.53,0.0
1438,33.53,0.0
1439,33.53,0.0
1440,33.53,0.0
1441,33.53,0.0
1442,33.53,0.0
1443,33.53,0.0
1444,33.53,0.0
1445,33.53,0.0
1446,33.53,0.0
1447,33.53,0.0
1448,33.53,0.0
1449,33.53,0.0
1450,33.53,0.0
1451,33.53,0.0
1452,33.53,0.0
1453,33.53,0.0
1454,33.53,0.0
1455,33.53,0.0
1456,33.53,0.0
1457,33.53,0.0
1458,33.53,0.0
1459,33.53,0.0
1460,33.53,0.0
1461,33.53,0.0
1462,33.53,0.0
1463,33.53,0.0
1464,33.53,0.0
1465,33.53,0.0
1466,33.53,0.0
1467,33.53,0.0
1468,33.53,0.0
1469,33.53,0.0
1470,33.53,0.0
1471,33.53,0.0
1472,33.53,0.0
1473,33.53,0.0
1474,33.53,0.0
1475,33.53,0.0
1476,33.53,0.0
1477,33.53,0.0
1478,33.53,0.0
1479,33.53,0.0
1480,33.53,0.0
1481,33.53,0.0
1482,33.53,0.0
1483,33.53,0.0
1484,33.53,0.0
1485,33.53,0.0
1486,33.53,0.0
1487,33.53,0.0
1488,33.53,0.0
1489,33.53,0.0
1490,33.53,0.0
1491,33.53,0.0
1492,33.53,0.0
1493,33.53,0.0
1494,33.53,0.0
1495,33.53,0.0
1496,33.53,0.0
1497,33.53,0.0
1498,33.53,0.0
1499,33.53,0.0
1500,33.53,0.0
1501,33.53,0.0
1502,33.53,0.0
1503,33.53,0.0
1504,33.53,0.0
1505,33.53,0.0
1506,33.53,0.0
1507,33.53,0.0
1508,33.53,0.0
1509,33.53,0.0
1510,33.53,0.0
1511,33.53,0.0
1512,33.53,0.0
1513,33.53,0.0
1514,33.53,0.0
1515,33.53,0.0
1516,33.53,0.0
1517,33.53,0.0
1518,33.53,0.0
1519,33.53,0.0
1520,33.53,0.0
1521,33.53,0.0
1522,33.53,0.0
1523,33.53,0.0
1524,33.53,0.0
1525,33.53,0.0
1526,33.53,0.0
1527,33.53,0.0
1528,33.53,0.0
1529,33.53,0.0
1530,33.53,0.0
1531,33.53,0.0
1532,33.53,0.0
1533,33.53,0.0
1534,33.53,0.0
1535,33.53,0.0
1536,33.53,0.0
1537,33.53,0.0
1538,33.53,0.0
1539,33.53,0.0
1540,33.53,0.0
1541,33.53,0.0
1542,33.53,0.0
1543,33.53,0.0
1544,33.53,0.0
1545,33.53,0.0
1546,33.53,0.0
1547,33.53,0.0
1548,33.53,0.0
1549,33.53,0.0
1550,33.53,0.0
1551,33.53,0.0
1552,33.53,0.0
1553,33.53,0.0
1554,33.53,0.0
1555,33.53,0.0
1556,33.53,0.0
1557,33.53,0.0
1558,33.53,0.0
1559,33.53,0.0
1560,33.53,0.0
1561,33.53,0.0
1562,33.53,0.0
1563,33.53,0.0
1564,33.53,0.0
1565,33.53,0.0
1566,33.53,0.0
1567,33.53,0.0
1568,33.53,0.0
1569,33.53,0.0
1570,33.53,0.0
1571,33.53,0.0
1572,33.53,0.0
1573,33.53,0.0
1574,33.53,0.0
1575,33.53,0.0
1576,33.53,0.0
1577,33.53,0.0
1578,33.53,0.0
1579,33.53,0.0
1580,33.53,0.0
1581,33.53,0.0
1582,33.53,0.0
1583,33.53,0.0
1584,33.53,0.0
1585,33.53,0.0
1586,33.53,0.0
1587,33.53,0.0
1588,33.53,0.0
1589,33.53,0.0
1590,33.53,0.0
1591,33.53,0.0
1592,33.53,0.0
1593,33.53,0.0
1594,33.53,0.0
1595,33.53,0.0
1596,33.53,0.0
1597,33.53,0.0
1598,33.53,0.0
1599,33.53,0.0
1600,33.53,0.0
1601,33.53,0.0
1602,33.53,0.0
1603,33.53,0.0
1604,33.53,0.0
1605,33.53,0.0
1606,33.53,0.0
1607,33.53,0.0
1608,33.53,0.0
1609,33.53,0.0
1610,33.53,0.0
1611,33.53,0.0
1612,33.53,0.0
1613,33.53,0.0
1614,33.53,0.0
1615,33.53,0.0
1616,33.53,0.0
1617,33.53,0.0
1618,33.53,0.0
1619,33.53,0.0
1620,33.53,0.0
1621,33.53,0.0
1622,33.53,0.0
1623,33.53,0.0
1624,33.53,0.0
1625,33.53,0.0
1626,33.53,0.0
1627,33.53,0.0
1628,33.53,0.0
1629,33.53,0.0
1630,33.53,0.0
1631,33.53,0.0
1632,33.53,0.0
1633,33.53,0.0
1634,33.53,0.0
1635,33.53,0.0
1636,33.53,0.0
1637,33.53,0.0
1638,33.53,0.0
1639,33.53,0.0
1640,33.53,0.0
1641,33.53,0.0
1642,33.53,0.0
1643,33.53,0.0
1644,33.53,0.0
1645,33.53,0.0
1646,33.53,0.0
1647,33.53,0.0
1648,33.53,0.0
1649,33.53,0.0
1650,33.53,0.0
1651,33.53,0.0
1652,33.53,0.0
1653,33.53,0.0
1654,33.53,0.0
1655,33.53,0.0
1656,33.53,0.0
1657,33.53,0.0
1658,33.53,0.0
1659,33.53,0.0
1660,33.53,0.0
1661,33.53,0.0
1662,33.53,0.0
1663,33.53,0.0
1664,33.53,0.0
1665,33.53,0.0
1666,33.53,0.0
1667,33.53,0.0
1668,33.53,0.0
1669,33.53,0.0
1670,33.53,0.0
1671,33.53,0.0
1672,33.53,0.0
1673,33.53,0.0
1674,33.53,0.0
1675,33.53,0.0
1676,33.53,0.0
1677,33.53,0.0
1678,33.53,0.0
1679,33.53,0.0
1680,33.53,0.0
1681,33.53,0.0
1682,33.53,0.0
1683,33.53,0.0
1684,33.53,0.0
1685,33.53,0.0
1686,33.53,0.0
1687,33.53,0.0
1688,33.53,0.0
1689,33.53,0.0
1690,33.53,0.0
1691,33.53,0.0
1692,33.53,0.0
1693,33.53,0.0
1694,33.53,0.0
1695,33.53,0.0
1696,33.53,0.0
1697,33.53,0.0
1698,33.53,0.0
1699,33.53,0.0
1700,33.53,0.0
1701,33.53,0.0
1702,33.53,0.0
1703,33.53,0.0
1704,33.53,0.0
1705,33.53,0.0
1706,33.53,0.0
1707,33.53,0.0
1708,33.53,0.0
1709,33.53,0.0
1710,33.53,0.0
1711,33.53,0.0
1712,33.53,0.0
1713,33.53,0.0
1714,33.53,0.0
1715,33.53,0.0
1716,33.53,0.0
1717,33.53,0.0
1718,33.53,0.0
1719,33.53,0.0
1720,33.53,0.0
1721,33.53,0.0
1722,33.53,0.0
1723,33.53,0.0
1724,33.53,0.0
1725,33.53,0.0
1726,33.53,0.0
1727,33.53,0.0
1728,33.53,0.0
1729,33.53,0.0
1730,33.53,0.0
1731,33.53,0.0
1732,33.53,0.0
1733,33.53,0.0
1734,33.53,0.0
1735,33.53,0.0
1736,33.53,0.0
1737,33.53,0.0
1738,33.53,0.0
1739,33.53,0.0
1740,33.53,0.0
1741,33.53,0.0
1742,33.53,0.0
1743,33.53,0.0
1744,33.53,0.0
1745,33.53,0.0
1746,33.53,0.0
1747,33.53,0.0
1748,33.53,0.0
1749,33.53,0.0
1750,33.53,0.0
1751,33.53,0.0
1752,33.53,0.0
1753,33.53,0.0
1754,33.53,0.0
1755,33.53,0.0
1756,33.53,0.0
1757,33.53,0.0
1758,33.53,0.0
1759,33.53,0.0
1760,33.53,0.0
1761,33.53,0.0
1762,33.53,0.0
1763,33.53,0.0
1764,33.53,0.0
1765,33.53,0.0
1766,33.53,0.0
1767,33.53,0.0
1768,33.53,0.0
1769,33.53,0.0
1770,33.53,0.0
1771,33.53,0.0
1772,33.53,0.0
1773,33.53,0.0
1774,33.53,0.0
1775,33.53,0.0
1776,33.53,0.0
1777,33.53,0.0
1778,33.53,0.0
1779,33.53,0.0
1780,33.53,0.0
1781,33.53,0.0
1782,33.53,0.0
1783,33.53,0.0
1784,33.53,0.0
1785,33.53,0.0
1786,33.53,0.0
1787,33.53,0.0
1788,33.53,0.0
1789,33.53,0.0
1790,33.53,0.0
1791,33.53,0.0
1792,33.53,0.0
1793,33.53,0.0
1794,33.53,0.0
1795,33.53,0.0
1796,33.53,0.0
1797,33.53,0.0
1798,33.53,0.0
1799,33.53,0.0
1800,33.53,0.0
1801,33.53,0.0
1802,33.53,0.0
1803,33.53,0.0
1804,33.53,0.0
1805,33.53,0.0
1806,33.53,0.0
1807,33.53,0.0
1808,33.53,0.0
1809,33.53,0.0
1810,33.53,0.0
1811,33.53,0.0
1812,33.53,0.0
1813,33.53,0.0
1814,33.53,0.0
1815,33.53,0.0
1816,33.53,0.0
1817,33.53,0.0
1818,33.53,0.0
1819,33.53,0.0
1820,33.53,0.0
1821,33.53,0.0
1822,33.53,0.0
1823,33.53,0.0
1824,33.53,0.0
1825,33.53,0.0
1826,33.53,0.0
1827,33.53,0.0
1828,33.53,0.0
1829,33.53,0.0
1830,33.53,0.0
1831,33.53,0.0
1832,33.53,0.0
1833,33.53,0.0
1834,33.53,0.0
1835,33.53,0.0
1836,33.53,0.0
1837,33.53,0.0
1838,33.53,0.0
1839,33.53,0.0
1840,33.53,0.0
1841,33.53,0.0
1842,33.53,0.0
1843,33.53,0.0
1844,33.53,0.0
1845,33.53,0.0
1846,33.53,0.0
1847,33.53,0.0
1848,33.53,0.0
1849,33.53,0.0
1850,33.53,0.0
1851,33.53,0.0
1852,33.53,0.0
1853,33.53,0.0
1854,33.53,0.0
1855,33.53,0.0
1856,33.53,0.0
1857,33.53,0.0
1858,33.53,0.0
1859,33.53,0.0
1860,33.53,0.0
1861,33.53,0.0
1862,33.53,0.0
1863,33.53,0.0
1864,33.53,0.0
1865,33.53,0.0
1866,33.53,0.0
1867,33.53,0.0
1868,33.53,0.0
1869,33.53,0.0
1870,33.53,0.0
1871,33.53,0.0
1872,33.53,0.0
1873,33.53,0.0
1874,33.53,0.0
1875,33.53,0.0
1876,33.53,0.0
1877,33.53,0.0
1878,33.53,0.0
1879,33.53,0.0
1880,33.53,0.0
1881,33.53,0.0
1882,33.53,0.0
1883,33.53,0.0
1884,33.53,0.0
1885,33.53,0.0
1886,33.53,0.0
1887,33.53,0.0
1888,33.53,0.0
1889,33.53,0.0
1890,33.53,0.0
1891,33.53,0.0
1892,33.53,0.0
1893,33.53,0.0
1894,33.53,0.0
1895,33.53,0.0
1896,33.53,0.0
1897,33.53,0.0
1898,33.53,0.0
1899,33.53,0.0
1900,33.53,0.0
1901,33.53,0.0
1902,33.53,0.0
1903,33.53,0.0
1904,33.53,0.0
1905,33.53,0.0
1906,33.53,0.0
1907,33.53,0.0
1908,33.53,0.0
1909,33.53,0.0
1910,33.53,0.0
1911,33.53,0.0
1912,33.53,0.0
1913,33.53,0.0
1914,33.53,0.0
1915,33.53,0.0
1916,33.53,0.0
1917,33.53,0.0
1918,33.53,0.0
1919,33.53,0.0
1920,33.53,0.0
1921,33.53,0.0
1922,33.53,0.0
1923,33.53,0.0
1924,33.53,0.0
1925,33.53,0.0
1926,33.53,0.0
1927,33.53,0.0
1928,33.53,0.0
1929,33.53,0.0
1930,33.53,0.0
1931,33.53,0.0
1932,33.53,0.0
1933,33.53,0.0
1934,33.53,0.0
1935,33.53,0.0
1936,33.53,0.0
1937,33.53,0.0
1938,33.53,0.0
1939,33.53,0.0
1940,33.53,0.0
1941,33.53,0.0
1942,33.53,0.0
1943,33.53,0.0
1944,33.53,0.0
1945,33.53,0.0
1946,33.53,0.0
1947,33.53,0.0
1948,33.53,0.0
1949,33.53,0.0
1950,33.53,0.0
1951,33.53,0.0
1952,33.53,0.0
1953,33.53,0.0
1954,33.53,0.0
1955,33.53,0.0
1956,33.53,0.0
1957,33.53,0.0
1958,33.53,0.0
1959,33.53,0.0
1960,33.53,0.0
1961,33.53,0.0
1962,33.53,0.0
1963,33.53,0.0
1964,33.53,0.0
1965,33.53,0.0
1966,33.53,0.0
1967,33.53,0.0
1968,33.53,0.0
1969,33.53,0.0
1970,33.53,0.0
1971,33.53,0.0
1972,33.53,0.0
1973,33.53,0.0
1974,33.53,0.0
1975,33.53,0.0
1976,33.53,0.0
1977,33.53,0.0
1978,33.53,0.0
1979,33.53,0.0
1980,33.53,0.0
1981,33.53,0.0
1982,33.53,0.0
1983,33.53,0.0
1984,33.53,0.0
1985,33.53,0.0
1986,33.53,0.0
1987,33.53,0.0
1988,33.53,0.0
1989,33.53,0.0
1990,33.53,0.0
1991,33.53,0.0
1992,33.53,0.0
1993,33.53,0.0
1994,33.53,0.0
1995,33.53,0.0
1996,33.53,0.0
1997,33.53,0.0
1998,33.53,0.0
1999,33.53,0.0
2000,33.53,0.0
2001,33.53,0.0
2002,33.53,0.0
2003,33.53,0.0
2004,33.53,0.0
2005,33.53,0.0
2006,33.53,0.0
2007,33.53,0.0
2008,33.53,0.0
2009,33.53,0.0
2010,33.53,0.0
2011,33.53,0.0
2012,33.53,0.0
2013,33.53,0.0
2014,33.53,0.0
2015,33.53,0.0
2016,33.53,0.0
2017,33.53,0.0
2018,33.53,0.0
2019,33.53,0.0
2020,33.53,0.0
2021,33.53,0.0
2022,33.53,0.0
2023,33.53,0.0
2024,33.53,0.0
2025,33.53,0.0
2026,33.53,0.0
2027,33.53,0.0
2028,33.53,0.0
2029,33.53,0.0
2030,33.53,0.0
2031,33.53,0.0
2032,33.53,0.0
2033,33.53,0.0
2034,33.53,0.0
2035,33.53,0.0
2036,33.53,0.0
2037,33.53,0.0
2038,33.53,0.0
2039,33.53,0.0
2040,33.53,0.0
2041,33.53,0.0
2042,33.53,0.0
2043,33.53,0.0
2044,33.53,0.0
2045,33.53,0.0
2046,33.53,0.0
2047,33.53,0.0
2048,33.53,0.0
2049,33.53,0.0
2050,33.53,0.0
2051,33.53,0.0
2052,33.53,0.0
2053,33.53,0.0
2054,33.53,0.0
2055,33.53,0.0
2056,33.53,0.0
2057,33.53,0.0
2058,33.53,0.0
2059,33.53,0.0
2060,33.53,0.0
2061,33.53,0.0
2062,33.53,0.0
2063,33.53,0.0
2064,33.53,0.0
2065,33.53,0.0
2066,33.53,0.0
2067,33.53,0.0
2068,33.53,0.0
2069,33.53,0.0
2070,33.53,0.0
2071,33.53,0.0
2072,33.53,0.0
2073,33.53,0.0
2074,33.53,0.0
2075,33.53,0.0
2076,33.53,0.0
2077,33.53,0.0
2078,33.53,0.0
2079,33.53,0.0
2080,33.53,0.0
2081,33.53,0.0
2082,33.53,0.0
2083,33.53,0.0
2084,33.53,0.0
2085,33.53,0.0
2086,33.53,0.0
2087,33.53,0.0
2088,33.53,0.0
2089,33.53,0.0
2090,33.53,0.0
2091,33.53,0.0
2092,33.53,0.0
2093,33.53,0.0
2094,33.53,0.0
2095,33.53,0.0
2096,33.53,0.0
2097,33.53,0.0
2098,33.53,0.0
2099,33.53,0.0
2100,33.53,0.0
2101,33.53,0.0
2102,33.53,0.0
2103,33.53,0.0
2104,33.53,0.0
2105,33.53,0.0
2106,33.53,0.0
2107,33.53,0.0
2108,33.53,0.0
2109,33.53,0.0
2110,33.53,0.0
2111,33.53,0.0
2112,33.53,0.0
2113,33.53,0.0
2114,33.53,0.0
2115,33.53,0.0
2116,33.53,0.0
2117,33.53,0.0
2118,33.53,0.0
2119,33.53,0.0
2120,33.53,0.0
2121,33.53,0.0
2122,33.53,0.0
2123,33.53,0.0
2124,33.53,0.0
2125,33.53,0.0
2126,33.53,0.0
2127,33.53,0.0
2128,33.53,0.0
2129,33.53,0.0
2130,33.53,0.0
2131,33.53,0.0
2132,33.53,0.0
2133,33.53,0.0
2134,33.53,0.0
2135,33.53,0.0
2136,33.53,0.0
2137,33.53,0.0
2138,33.53,0.0
2139,33.53,0.0
2140,33.53,0.0
2141,33.53,0.0
2142,33.53,0.0
2143,33.53,0.0
2144,33.53,0.0
2145,33.53,0.0
2146,33.53,0.0
2147,33.53,0.0
2148,33.53,0.0
2149,33.53,0.0
2150,33.53,0.0
2151,33.53,0.0
2152,33.53,0.0
2153,33.53,0.0
2154,33.53,0.0
2155,33.53,0.0
2156,33.53,0.0
2157,33.53,0.0
2158,33.53,0.0
2159,33.53,0.0
2160,33.53,0.0
2161,33.53,0.0
2162,33.53,0.0
2163,33.53,0.0
2164,33.53,0.0
2165,33.53,0.0
2166,33.53,0.0
2167,33.53,0.0
2168,33.53,0.0
2169,33.53,0.0
2170,33.53,0.0
2171,33.53,0.0
2172,33.53,0.0
2173,33.53,0.0
2174,33.53,0.0
2175,33.53,0.0
2176,33.53,0.0
2177,33.53,0.0
2178,33.53,0.0
2179,33.53,0.0
2180,33.53,0.0
2181,33.53,0.0
2182,33.53,0.0
2183,33.53,0.0
2184,33.53,0.0
2185,33.53,0.0
2186,33.53,0.0
2187,33.53,0.0
2188,33.53,0.0
2189,33.53,0.0
2190,33.53,0.0
2191,33.53,0.0
2192,33.53,0.0
2193,33.53,0.0
2194,33.53,0.0
2195,33.53,0.0
2196,33.53,0.0
2197,33.53,0.0
2198,33.53,0.0
2199,33.53,0.0
2200,33.53,0.0
2201,33.53,0.0
2202,33.53,0.0
2203,33.53,0.0
2204,33.53,0.0
2205,33.53,0.0
2206,33.53,0.0
2207,33.53,0.0
2208,33.53,0.0
2209,33.53,0.0
2210,33.53,0.0
2211,33.53,0.0
2212,33.53,0.0
2213,33.53,0.0
2214,33.53,0.0
2215,33.53,0.0
2216,33.53,0.0
2217,33.53,0.0
2218,33.53,0.0
2219,33.53,0.0
2220,33.53,0.0
2221,33.53,0.0
2222,33.53,0.0
2223,33.53,0.0
2224,33.53,0.0
2225,33.53,0.0
2226,33.53,0.0
2227,33.53,0.0
2228,33.53,0.0
2229,33.53,0.0
2230,33.53,0.0
2231,33.53,0.0
2232,33.53,0.0
2233,33.53,0.0
2234,33.53,0.0
2235,33.53,0.0
2236,33.53,0.0
2237,33.53,0.0
2238,33.53,0.0
2239,33.53,0.0
2240,33.53,0.0
2241,33.53,0.0
2242,33.53,0.0
2243,33.53,0.0
2244,33.53,0.0
2245,33.53,0.0
2246,33.53,0.0
2247,33.53,0.0
2248,33.53,0.0
2249,33.53,0.0
2250,33.53,0.0
2251,33.53,0.0
2252,33.53,0.0
2253,33.53,0.0
2254,33.53,0.0
2255,33.53,0.0
2256,33.53,0.0
2257,33.53,0.0
2258,33.53,0.0
2259,33.53,0.0
2260,33.53,0.0
2261,33.53,0.0
2262,33.53,0.0
2263,33.53,0.0
2264,33.53,0.0
2265,33.53,0.0
2266,33.53,0.0
2267,33.53,0.0
2268,33.53,0.0
2269,33.53,0.0
2270,33.53,0.0
2271,33.53,0.0
2272,33.53,0.0
2273,33.53,0.0
2274,33.53,0.0
2275,33.53,0.0
2276,33.53,0.0
2277,33.53,0.0
2278,33.53,0.0
2279,33.53,0.0
2280,33.53,0.0
2281,33.53,0.0
2282,33.53,0.0
2283,33.53,0.0
2284,33.53,0.0
2285,33.53,0.0
2286,33.53,0.0
2287,33.53,0.0
2288,33.53,0.0
2289,33.53,0.0
2290,33.53,0.0
2291,33.53,0.0
2292,33.53,0.0
2293,33.53,0.0
2294,33.53,0.0
2295,33.53,0.0
2296,33.53,0.0
2297,33.53,0.0
2298,33.53,0.0
2299,33.53,0.0
2300,33.53,0.0
2301,33.53,0.0
2302,33.53,0.0
2303,33.53,0.0
2304,33.53,0.0
2305,33.53,0.0
2306,33.53,0.0
2307,33.53,0.0
2308,33.53,0.0
2309,33.53,0.0
2310,33.53,0.0
2311,33.53,0.0
2312,33.53,0.0
2313,33.53,0.0
2314,33.53,0.0
2315,33.53,0.0
2316,33.53,0.0
2317,33.53,0.0
2318,33.53,0.0
2319,33.53,0.0
2320,33.53,0.0
2321,33.53,0.0
2322,33.53,0.0
2323,33.53,0.0
2324,33.53,0.0
2325,33.53,0.0
2326,33.53,0.0
2327,33.53,0.0
2328,33.53,0.0
2329,33.53,0.0
2330,33.53,0.0
2331,33.53,0.0
2332,33.53,0.0
2333,33.53,0.0
2334,33.53,0.0
2335,33.53,0.0
2336,33.53,0.0
2337,33.53,0.0
2338,33.53,0.0
2339,33.53,0.0
2340,33.53,0.0
2341,33.53,0.0
2342,33.53,0.0
2343,33.53,0.0
2344,33.53,0.0
2345,33.53,0.0
2346,33.53,0.0
2347,33.53,0.0
2348,33.53,0.0
2349,33.53,0.0
2350,33.53,0.0
2351,33.53,0.0
2352,33.53,0.0
2353,33.53,0.0
2354,33.53,0.0
2355,33.53,0.0
2356,33.53,0.0
2357,33.53,0.0
2358,33.53,0.0
2359,33.53,0.0
2360,33.53,0.0
2361,33.53,0.0
2362,33.53,0.0
2363,33.53,0.0
2364,33.53,0.0
2365,33.53,0.0
2366,33.53,0.0
2367,33.53,0.0
2368,33.53,0.0
2369,33.53,0.0
2370,33.53,0.0
2371,33.53,0.0
2372,33.53,0.0
2373,33.53,0.0
2374,33.53,0.0
2375,33.53,0.0
2376,33.53,0.0
2377,33.53,0.0
2378,33.53,0.0
2379,33.53,0.0
2380,33.53,0.0
2381,33.53,0.0
2382,33.53,0.0
2383,33.53,0.0
2384,33.53,0.0
2385,33.53,0.0
2386,33.53,0.0
2387,33.53,0.0
2388,33.53,0.0
2389,33.53,0.0
2390,33.53,0.0
2391,33.53,0.0
2392,33.53,0.0
2393,33.53,0.0
2394,33.53,0.0
2395,33.53,0.0
2396,33.53,0.0
2397,33.53,0.0
2398,33.53,0.0
2399,33.53,0.0
2400,33.53,0.0
2401,33.53,0.0
2402,33.53,0.0
2403,33.53,0.0
2404,33.53,0.0
2405,33.53,0.0
2406,33.53,0.0
2407,33.53,0.0
2408,33.53,0.0
2409,33.53,0.0
2410,33.53,0.0
2411,33.53,0.0
2412,33.53,0.0
2413,33.53,0.0
2414,33.53,0.0
2415,33.53,0.0
2416,33.53,0.0
2417,33.53,0.0
2418,33.53,0.0
2419,33.53,0.0
2420,33.53,0.0
2421,33.53,0.0
2422,33.53,0.0
2423,33.53,0.0
2424,33.53,0.0
2425,33.53,0.0
2426,33.53,0.0
2427,33.53,0.0
2428,33.53,0.0
2429,33.53,0.0
2430,33.53,0.0
2431,33.53,0.0
2432,33.53,0.0
2433,33.53,0.0
2434,33.53,0.0
2435,33.53,0.0
2436,33.53,0.0
2437,33.53,0.0
2438,33.53,0.0
2439,33.53,0.0
2440,33.53,0.0
2441,33.53,0.0
2442,33.53,0.0
2443,33.53,0.0
2444,33.53,0.0
2445,33.53,0.0
2446,33.53,0.0
2447,33.53,0.0
2448,33.53,0.0
2449,33.53,0.0
2450,33.53,0.0
2451,33.53,0.0
2452,33.53,0.0
2453,33.53,0.0
2454,33.53,0.0
2455,33.53,0.0
2456,33.53,0.0
2457,33.53,0.0
2458,33.53,0.0
2459,33.53,0.0
2460,33.53,0.0
2461,33.53,0.0
2462,33.53,0.0
2463,33.53,0.0
2464,33.53,0.0
2465,33.53,0.0
2466,33.53,0.0
2467,33.53,0.0
2468,33.53,0.0
2469,33.53,0.0
2470,33.53,0.0
2471,33.53,0.0
2472,33.53,0.0
2473,33.53,0.0
2474,33.53,0.0
2475,33.53,0.0
2476,33.53,0.0
2477,33.53,0.0
2478,33.53,0.0
2479,33.53,0.0
2480,33.53,0.0
2481,33.53,0.0
2482,33.53,0.0
2483,33.53,0.0
2484,33.53,0.0
2485,33.53,0.0
2486,33.53,0.0
2487,33.53,0.0
2488,33.53,0.0
2489,33.53,0.0
2490,33.53,0.0
2491,33.53,0.0
2492,33.53,0.0
2493,33.53,0.0
2494,33.53,0.0
2495,33.53,0.0
2496,33.53,0.0
2497,33.53,0.0
2498,33.53,0.0
2499,33.53,0.0
2500,33.53,0.0
2501,33.53,0.0
2502,33.53,0.0
2503,33.53,0.0
2504,33.53,0.0
2505,33.53,0.0
2506,33.53,0.0
2507,33.53,0.0
2508,33.53,0.0
2509,33.53,0.0
2510,33.53,0.0
2511,33.53,0.0
2512,33.53,0.0
2513,33.53,0.0
2514,33.53,0.0
2515,33.53,0.0
2516,33.53,0.0
2517,33.53,0.0
2518,33.53,0.0
2519,33.53,0.0
2520,33.53,0.0
2521,33.53,0.0
2522,33.53,0.0
2523,33.53,0.0
2524,33.53,0.0
2525,33.53,0.0
2526,33.53,0.0
2527,33.53,0.0
2528,33.53,0.0
2529,33.53,0.0
2530,33.53,0.0
2531,33.53,0.0
2532,33.53,0.0
2533,33.53,0.0
2534,33.53,0.0
2535,33.53,0.0
2536,33.53,0.0
2537,33.53,0.0
2538,33.53,0.0
2539,33.53,0.0
2540,33.53,0.0
2541,33.53,0.0
2542,33.53,0.0
2543,33.53,0.0
2544,33.53,0.0
2545,33.53,0.0
2546,33.53,0.0
2547,33.53,0.0
2548,33.53,0.0
2549,33.53,0.0
2550,33.53,0.0
2551,33.53,0.0
2552,33.53,0.0
2553,33.53,0.0
2554,33.53,0.0
2555,33.53,0.0
2556,33.53,0.0
2557,33.53,0.0
2558,33.53,0.0
2559,33.53,0.0
2560,33.53,0.0
2561,33.53,0.0
2562,33.53,0.0
2563,33.53,0.0
2564,33.53,0.0
2565,33.53,0.0
2566,33.53,0.0
2567,33.53,0.0
2568,33.53,0.0
2569,33.53,0.0
2570,33.53,0.0
2571,33.53,0.0
2572,33.53,0.0
2573,33.53,0.0
2574,33.53,0.0
2575,33.53,0.0
2576,33.53,0.0
2577,33.53,0.0
2578,33.53,0.0
2579,33.53,0.0
2580,33.53,0.0
2581,33.53,0.0
2582,33.53,0.0
2583,33.53,0.0
2584,33.53,0.0
2585,33.53,0.0
2586,33.53,0.0
2587,33.53,0.0
2588,33.53,0.0
2589,33.53,0.0
2590,33.53,0.0
2591,33.53,0.0
2592,33.53,0.0
2593,33.53,0.0
2594,33.53,0.0
2595,33.53,0.0
2596,33.53,0.0
2597,33.53,0.0
2598,33.53,0.0
2599,33.53,0.0
2600,33.53,0.0
2601,33.53,0.0
2602,33.53,0.0
2603,33.53,0.0
2604,33.53,0.0
2605,33.53,0.0
2606,33.53,0.0
2607,33.53,0.0
2608,33.53,0.0
2609,33.53,0.0
2610,33.53,0.0
2611,33.53,0.0
2612,33.53,0.0
2613,33.53,0.0
2614,33.53,0.0
2615,33.53,0.0
2616,33.53,0.0
2617,33.53,0.0
2618,33.53,0.0
2619,33.53,0.0
2620,33.53,0.0
2621,33.53,0.0
2622,33.53,0.0
2623,33.53,0.0
2624,33.53,0.0
2625,33.53,0.0
2626,33.53,0.0
2627,33.53,0.0
2628,33.53,0.0
2629,33.53,0.0
2630,33.53,0.0
2631,33.53,0.0
2632,33.53,0.0
2633,33.53,0.0
2634,33.53,0.0
2635,33.53,0.0
2636,33.53,0.0
2637,33.53,0.0
2638,33.53,0.0
2639,33.53,0.0
2640,33.53,0.0
2641,33.53,0.0
2642,33.53,0.0
2643,33.53,0.0
2644,33.53,0.0
2645,33.53,0.0
2646,33.53,0.0
2647,33.53,0.0
2648,33.53,0.0
2649,33.53,0.0
2650,33.53,0.0
2651,33.53,0.0
2652,33.53,0.0
2653,33.53,0.0
2654,33.53,0.0
2655,33.53,0.0
2656,33.53,0.0
2657,33.53,0.0
2658,33.53,0.0
2659,33.53,0.0
2660,33.53,0.0
2661,33.53,0.0
2662,33.53,0.0
2663,33.53,0.0
2664,33.53,0.0
2665,33.53,0.0
2666,33.53,0.0
2667,33.53,0.0
2668,33.53,0.0
2669,33.53,0.0
2670,33.53,0.0
2671,33.53,0.0
2672,33.53,0.0
2673,33.53,0.0
2674,33.53,0.0
2675,33.53,0.0
2676,33.53,0.0
2677,33.53,0.0
2678,33.53,0.0
2679,33.53,0.0
2680,33.53,0.0
2681,33.53,0.0
2682,33.53,0.0
2683,33.53,0.0
2684,33.53,0.0
2685,33.53,0.0
2686,33.53,0.0
2687,33.53,0.0
2688,33.53,0.0
2689,33.53,0.0
2690,33.53,0.0
2691,33.53,0.0
2692,33.53,0.0
2693,33.53,0.0
2694,33.53,0.0
2695,33.53,0.0
2696,33.53,0.0
2697,33.53,0.0
2698,33.53,0.0
2699,33.53,0.0
2700,33.53,0.0
2701,33.53,0.0
2702,33.53,0.0
2703,33.53,0.0
2704,33.53,0.0
2705,33.53,0.0
2706,33.53,0.0
2707,33.53,0.0
2708,33.53,0.0
2709,33.53,0.0
2710,33.53,0.0
2711,33.53,0.0
2712,33.53,0.0
2713,33.53,0.0
2714,33.53,0.0
2715,33.53,0.0
2716,33.53,0.0
2717,33.53,0.0
2718,33.53,0.0
2719,33.53,0.0
2720,33.53,0.0
2721,33.53,0.0
2722,33.53,0.0
2723,33.53,0.0
2724,33.53,0.0
2725,33.53,0.0
2726,33.53,0.0
2727,33.53,0.0
2728,33.53,0.0
2729,33.53,0.0
2730,33.53,0.0
2731,33.53,0.0
2732,33.53,0.0
2733,33.53,0.0
2734,33.53,0.0
2735,33.53,0.0
2736,33.53,0.0
2737,33.53,0.0
2738,33.53,0.0
2739,33.53,0.0
2740,33.53,0.0
2741,33.53,0.0
2742,33.53,0.0
2743,33.53,0.0
2744,33.53,0.0
2745,33.53,0.0
2746,33.53,0.0
2747,33.53,0.0
2748,33.53,0.0
2749,33.53,0.0
2750,33.53,0.0
2751,33.53,0.0
2752,33.53,0.0
2753,33.53,0.0
2754,33.53,0.0
2755,33.53,0.0
2756,33.53,0.0
2757,33.53,0.0
2758,33.53,0.0
2759,33.53,0.0
2760,33.53,0.0
2761,33.53,0.0
2762,33.53,0.0
2763,33.53,0.0
2764,33.53,0.0
2765,33.53,0.0
2766,33.53,0.0
2767,33.53,0.0
2768,33.53,0.0
2769,33.53,0.0
2770,33.53,0.0
2771,33.53,0.0
2772,33.53,0.0
2773,33.53,0.0
2774,33.53,0.0
2775,33.53,0.0
2776,33.53,0.0
2777,33.53,0.0
2778,33.53,0.0
2779,33.53,0.0
2780,33.53,0.0
2781,33.53,0.0
2782,33.53,0.0
2783,33.53,0.0
2784,33.53,0.0
2785,33.53,0.0
2786,33.53,0.0
2787,33.53,0.0
2788,33.53,0.0
2789,33.53,0.0
2790,33.53,0.0
2791,33.53,0.0
2792,33.53,0.0
2793,33.53,0.0
2794,33.53,0.0
2795,33.53,0.0
2796,33.53,0.0
2797,33.53,0.0
2798,33.53,0.0
2799,33.53,0.0
2800,33.53,0.0
2801,33.53,0.0
2802,33.53,0.0
2803,33.53,0.0
2804,33.53,0.0
2805,33.53,0.0
2806,33.53,0.0
2807,33.53,0.0
2808,33.53,0.0
2809,33.53,0.0
2810,33.53,0.0
2811,33.53,0.0
2812,33.53,0.0
2813,33.53,0.0
2814,33.53,0.0
2815,33.53,0.0
2816,33.53,0.0
2817,33.53,0.0
2818,33.53,0.0
2819,33.53,0.0
2820,33.53,0.0
2821,33.53,0.0
2822,33.53,0.0
2823,33.53,0.0
2824,33.53,0.0
2825,33.53,0.0
2826,33.53,0.0
2827,33.53,0.0
2828,33.53,0.0
2829,33.53,0.0
2830,33.53,0.0
2831,33.53,0.0
2832,33.53,0.0
2833,33.53,0.0
2834,33.53,0.0
2835,33.53,0.0
2836,33.53,0.0
2837,33.53,0.0
2838,33.53,0.0
2839,33.53,0.0
2840,33.53,0.0
2841,33.53,0.0
2842,33.53,0.0
2843,33.53,0.0
2844,33.53,0.0
2845,33.53,0.0
2846,33.53,0.0
2847,33.53,0.0
2848,33.53,0.0
2849,33.53,0.0
2850,33.53,0.0
2851,33.53,0.0
2852,33.53,0.0
2853,33.53,0.0
2854,33.53,0.0
2855,33.53,0.0
2856,33.53,0.0
2857,33.53,0.0
2858,33.53,0.0
2859,33.53,0.0
2860,33.53,0.0
2861,33.53,0.0
2862,33.53,0.0
2863,33.53,0.0
2864,33.53,0.0
2865,33.53,0.0
2866,33.53,0.0
2867,33.53,0.0
2868,33.53,0.0
2869,33.53,0.0
2870,33.53,0.0
2871,33.53,0.0
2872,33.53,0.0
2873,33.53,0.0
2874,33.53,0.0
2875,33.53,0.0
2876,33.53,0.0
2877,33.53,0.0
2878,33.53,0.0
2879,33.53,0.0
2880,33.53,0.0
2881,33.53,0.0
2882,33.53,0.0
2883,33.53,0.0
2884,33.53,0.0
2885,33.53,0.0
2886,33.53,0.0
2887,33.53,0.0
2888,33.53,0.0
2889,33.53,0.0
2890,33.53,0.0
2891,33.53,0.0
2892,33.53,0.0
2893,33.53,0.0
2894,33.53,0.0
2895,33.53,0.0
2896,33.53,0.0
2897,33.53,0.0
2898,33.53,0.0
2899,33.53,0.0
2900,33.53,0.0
2901,33.53,0.0
2902,33.53,0.0
2903,33.53,0.0
2904,33.53,0.0
2905,33.53,0.0
2906,33.53,0.0
2907,33.53,0.0
2908,33.53,0.0
2909,33.53,0.0
2910,33.53,0.0
2911,33.53,0.0
2912,33.53,0.0
2913,33.53,0.0
2914,33.53,0.0
2915,33.53,0.0
2916,33.53,0.0
2917,33.53,0.0
2918,33.53,0.0
2919,33.53,0.0
2920,33.53,0.0
2921,33.53,0.0
2922,33.53,0.0
2923,33.53,0.0
2924,33.53,0.0
2925,33.53,0.0
2926,33.53,0.0
2927,33.53,0.0
2928,33.53,0.0
2929,33.53,0.0
2930,33.53,0.0
2931,33.53,0.0
2932,33.53,0.0
2933,33.53,0.0
2934,33.53,0.0
2935,33.53,0.0
2936,33.53,0.0
2937,33.53,0.0
2938,33.53,0.0
2939,33.53,0.0
2940,33.53,0.0
2941,33.53,0.0
2942,33.53,0.0
2943,33.53,0.0
2944,33.53,0.0
2945,33.53,0.0
2946,33.53,0.0
2947,33.53,0.0
2948,33.53,0.0
2949,33.53,0.0
2950,33.53,0.0
2951,33.53,0.0
2952,33.53,0.0
2953,33.53,0.0
2954,33.53,0.0
2955,33.53,0.0
2956,33.53,0.0
2957,33.53,0.0
2958,33.53,0.0
2959,33.53,0.0
2960,33.53,0.0
2961,33.53,0.0
2962,33.53,0.0
2963,33.53,0.0
2964,33.53,0.0
2965,33.53,0.0
2966,33.53,0.0
2967,33.53,0.0
2968,33.53,0.0
2969,33.53,0.0
2970,33.53,0.0
2971,33.53,0.0
2972,33.53,0.0
2973,33.53,0.0
2974,33.53,0.0
2975,33.53,0.0
2976,33.53,0.0
2977,33.53,0.0
2978,33.53,0.0
2979,33.53,0.0
2980,33.53,0.0
2981,33.53,0.0
2982,33.53,0.0
2983,33.53,0.0
2984,33.53,0.0
2985,33.53,0.0
2986,33.53,0.0
2987,33.53,0.0
2988,33.53,0.0
2989,33.53,0.0
2990,33.53,0.0
2991,33.53,0.0
2992,33.53,0.0
2993,33.53,0.0
2994,33.53,0.0
2995,33.53,0.0
2996,33.53,0.0
2997,33.53,0.0
2998,33.53,0.0
2999,33.53,0.0
3000,33.53,0.0
3001,33.53,0.0
3002,33.53,0.0
3003,33.53,0.0
3004,33.53,0.0
3005,33.53,0.0
3006,33.53,0.0
3007,33.53,0.0
3008,33.53,0.0
3009,33.53,0.0
3010,33.53,0.0
3011,33.53,0.0
3012,33.53,0.0
3013,33.53,0.0
3014,33.53,0.0
3015,33.53,0.0
3016,33.53,0.0
3017,33.53,0.0
3018,33.53,0.0
3019,33.53,0.0
3020,33.53,0.0
3021,33.53,0.0
3022,33.53,0.0
3023,33.53,0.0
3024,33.53,0.0
3025,33.53,0.0
3026,33.53,0.0
3027,33.53,0.0
3028,33.53,0.0
3029,33.53,0.0
3030,33.53,0.0
3031,33.53,0.0
3032,33.53,0.0
3033,33.53,0.0
3034,33.53,0.0
3035,33.53,0.0
3036,33.53,0.0
3037,33.53,0.0
3038,33.53,0.0
3039,33.53,0.0
3040,33.53,0.0
3041,33.53,0.0
3042,33.53,0.0
3043,33.53,0.0
3044,33.53,0.0
3045,33.53,0.0
3046,33.53,0.0
3047,33.53,0.0
3048,33.53,0.0
3049,33.53,0.0
3050,33.53,0.0
3051,33.53,0.0
3052,33.53,0.0
3053,33.53,0.0
3054,33.53,0.0
3055,33.53,0.0
3056,33.53,0.0
3057,33.53,0.0
3058,33.53,0.0
3059,33.53,0.0
3060,33.53,0.0
3061,33.53,0.0
3062,33.53,0.0
3063,33.53,0.0
3064,33.53,0.0
3065,33.53,0.0
3066,33.53,0.0
3067,33.53,0.0
3068,33.53,0.0
3069,33.53,0.0
3070,33.53,0.0
3071,33.53,0.0
3072,33.53,0.0
3073,33.53,0.0
3074,33.53,0.0
3075,33.53,0.0
3076,33.53,0.0
3077,33.53,0.0
3078,33.53,0.0
3079,33.53,0.0
3080,33.53,0.0
3081,33.53,0.0
3082,33.53,0.0
3083,33.53,0.0
3084,33.53,0.0
3085,33.53,0.0
3086,33.53,0.0
3087,33.53,0.0
3088,33.53,0.0
3089,33.53,0.0
3090,33.53,0.0
3091,33.53,0.0
3092,33.53,0.0
3093,33.53,0.0
3094,33.53,0.0
3095,33.53,0.0
3096,33.53,0.0
3097,33.53,0.0
3098,33.53,0.0
3099,33.53,0.0
3100,33.53,0.0
3101,33.53,0.0
3102,33.53,0.0
3103,33.53,0.0
3104,33.53,0.0
3105,33.53,0.0
3106,33.53,0.0
3107,33.53,0.0
3108,33.53,0.0
3109,33.53,0.0
3110,33.53,0.0
3111,33.53,0.0
3112,33.53,0.0
3113,33.53,0.0
3114,33.53,0.0
3115,33.53,0.0
3116,33.53,0.0
3117,33.53,0.0
3118,33.53,0.0
3119,33.53,0.0
3120,33.53,0.0
3121,33.53,0.0
3122,33.53,0.0
3123,33.53,0.0
3124,33.53,0.0
3125,33.53,0.0
3126,33.53,0.0
3127,33.53,0.0
3128,33.53,0.0
3129,33.53,0.0
3130,33.53,0.0
3131,33.53,0.0
3132,33.53,0.0
3133,33.53,0.0
3134,33.53,0.0
3135,33.53,0.0
3136,33.53,0.0
3137,33.53,0.0
3138,33.53,0.0
3139,33.53,0.0
3140,33.53,0.0
3141,33.53,0.0
3142,33.53,0.0
3143,33.53,0.0
3144,33.53,0.0
3145,33.53,0.0
3146,33.53,0.0
3147,33.53,0.0
3148,33.53,0.0
3149,33.53,0.0
3150,33.53,0.0
3151,33.53,0.0
3152,33.53,0.0
3153,33.53,0.0
3154,33.53,0.0
3155,33.53,0.0
3156,33.53,0.0
3157,33.53,0.0
3158,33.53,0.0
3159,33.53,0.0
3160,33.53,0.0
3161,33.53,0.0
3162,33.53,0.0
3163,33.53,0.0
3164,33.53,0.0
3165,33.53,0.0
3166,33.53,0.0
3167,33.53,0.0
3168,33.53,0.0
3169,33.53,0.0
3170,33.53,0.0
3171,33.53,0.0
3172,33.53,0.0
3173,33.53,0.0
3174,33.53,0.0
3175,33.53,0.0
3176,33.53,0.0
3177,33.53,0.0
3178,33.53,0.0
3179,33.53,0.0
3180,33.53,0.0
3181,33.53,0.0
3182,33.53,0.0
3183,33.53,0.0
3184,33.53,0.0
3185,33.53,0.0
3186,33.53,0.0
3187,33.53,0.0
3188,33.53,0.0
3189,33.53,0.0
3190,33.53,0.0
3191,33.53,0.0
3192,33.53,0.0
3193,33.53,0.0
3194,33.53,0.0
3195,33.53,0.0
3196,33.53,0.0
3197,33.53,0.0
3198,33.53,0.0
3199,33.53,0.0
3200,33.53,0.0
3201,33.53,0.0
3202,33.53,0.0
3203,33.53,0.0
3204,33.53,0.0
3205,33.53,0.0
3206,33.53,0.0
3207,33.53,0.0
3208,33.53,0.0
3209,33.53,0.0
3210,33.53,0.0
3211,33.53,0.0
3212,33.53,0.0
3213,33.53,0.0
3214,33.53,0.0
3215,33.53,0.0
3216,33.53,0.0
3217,33.53,0.0
3218,33.53,0.0
3219,33.53,0.0
3220,33.53,0.0
3221,33.53,0.0
3222,33.53,0.0
3223,33.53,0.0
3224,33.53,0.0
3225,33.53,0.0
3226,33.53,0.0
3227,33.53,0.0
3228,33.53,0.0
3229,33.53,0.0
3230,33.53,0.0
3231,33.53,0.0
3232,33.53,0.0
3233,33.53,0.0
3234,33.53,0.0
3235,33.53,0.0
3236,33.53,0.0
3237,33.53,0.0
3238,33.53,0.0
3239,33.53,0.0
3240,33.53,0.0
3241,33.53,0.0
3242,33.53,0.0
3243,33.53,0.0
3244,33.53,0.0
3245,33.53,0.0
3246,33.53,0.0
3247,33.53,0.0
3248,33.53,0.0
3249,33.53,0.0
3250,33.53,0.0
3251,33.53,0.0
3252,33.53,0.0
3253,33.53,0.0
3254,33.53,0.0
3255,33.53,0.0
3256,33.53,0.0
3257,33.53,0.0
3258,33.53,0.0
3259,33.53,0.0
3260,33.53,0.0
3261,33.53,0.0
3262,33.53,0.0
3263,33.53,0.0
3264,33.53,0.0
3265,33.53,0.0
3266,33.53,0.0
3267,33.53,0.0
3268,33.53,0.0
3269,33.53,0.0
3270,33.53,0.0
3271,33.53,0.0
3272,33.53,0.0
3273,33.53,0.0
3274,33.53,0.0
3275,33.53,0.0
3276,33.53,0.0
3277,33.53,0.0
3278,33.53,0.0
3279,33.53,0.0
3280,33.53,0.0
3281,33.53,0.0
3282,33.53,0.0
3283,33.53,0.0
3284,33.53,0.0
3285,33.53,0.0
3286,33.53,0.0
3287,33.53,0.0
3288,33.53,0.0
3289,33.53,0.0
3290,33.53,0.0
3291,33.53,0.0
3292,33.53,0.0
3293,33.53,0.0
3294,33.53,0.0
3295,33.53,0.0
3296,33.53,0.0
3297,33.53,0.0
3298,33.53,0.0
3299,33.53,0.0
3300,33.53,0.0
3301,33.53,0.0
3302,33.53,0.0
3303,33.53,0.0
3304,33.53,0.0
3305,33.53,0.0
3306,33.53,0.0
3307,33.53,0.0
3308,33.53,0.0
3309,33.53,0.0
3310,33.53,0.0
3311,33.53,0.0
3312,33.53,0.0
3313,33.53,0.0
3314,33.53,0.0
3315,33.53,0.0
3316,33.53,0.0
3317,33.53,0.0
3318,33.53,0.0
3319,33.53,0.0
3320,33.53,0.0
3321,33.53,0.0
3322,33.53,0.0
3323,33.53,0.0
3324,33.53,0.0
3325,33.53,0.0
3326,33.53,0.0
3327,33.53,0.0
3328,33.53,0.0
3329,33.53,0.0
3330,33.53,0.0
3331,33.53,0.0
3332,33.53,0.0
3333,33.53,0.0
3334,33.53,0.0
3335,33.53,0.0
3336,33.53,0.0
3337,33.53,0.0
3338,33.53,0.0
3339,33.53,0.0
3340,33.53,0.0
3341,33.53,0.0
3342,33.53,0.0
3343,33.53,0.0
3344,33.53,0.0
3345,33.53,0.0
3346,33.53,0.0
3347,33.53,0.0
3348,33.53,0.0
3349,33.53,0.0
3350,33.53,0.0
3351,33.53,0.0
3352,33.53,0.0
3353,33.53,0.0
3354,33.53,0.0
3355,33.53,0.0
3356,33.53,0.0
3357,33.53,0.0
3358,33.53,0.0
3359,33.53,0.0
3360,33.53,0.0
3361,33.53,0.0
3362,33.53,0.0
3363,33.53,0.0
3364,33.53,0.0
3365,33.53,0.0
3366,33.53,0.0
3367,33.53,0.0
3368,33.53,0.0
3369,33.53,0.0
3370,33.53,0.0
3371,33.53,0.0
3372,33.53,0.0
3373,33.53,0.0
3374,33.53,0.0
3375,33.53,0.0
3376,33.53,0.0
3377,33.53,0.0
3378,33.53,0.0
3379,33.53,0.0
3380,33.53,0.0
3381,33.53,0.0
3382,33.53,0.0
3383,33.53,0.0
3384,33.53,0.0
3385,33.53,0.0
3386,33.53,0.0
3387,33.53,0.0
3388,33.53,0.0
3389,33.53,0.0
3390,33.53,0.0
3391,33.53,0.0
3392,33.53,0.0
3393,33.53,0.0
3394,33.53,0.0
3395,33.53,0.0
3396,33.53,0.0
3397,33.53,0.0
3398,33.53,0.0
3399,33.53,0.0
3400,33.53,0.0
3401,33.53,0.0
3402,33.53,0.0
3403,33.53,0.0
3404,33.53,0.0
3405,33.53,0.0
3406,33.53,0.0
3407,33.53,0.0
3408,33.53,0.0
3409,33.53,0.0
3410,33.53,0.0
3411,33.53,0.0
3412,33.53,0.0
3413,33.53,0.0
3414,33.53,0.0
3415,33.53,0.0
3416,33.53,0.0
3417,33.53,0.0
3418,33.53,0.0
3419,33.53,0.0
3420,33.53,0.0
3421,33.53,0.0
3422,33.53,0.0
3423,33.53,0.0
3424,33.53,0.0
3425,33.53,0.0
3426,33.53,0.0
3427,33.53,0.0
3428,33.53,0.0
3429,33.53,0.0
3430,33.53,0.0
3431,33.53,0.0
3432,33.53,0.0
3433,33.53,0.0
3434,33.53,0.0
3435,33.53,0.0
3436,33.53,0.0
3437,33.53,0.0
3438,33.53,0.0
3439,33.53,0.0
3440,33.53,0.0
3441,33.53,0.0
3442,33.53,0.0
3443,33.53,0.0
3444,33.53,0.0
3445,33.53,0.0
3446,33.53,0.0
3447,33.53,0.0
3448,33.53,0.0
3449,33.53,0.0
3450,33.53,0.0
3451,33.53,0.0
3452,33.53,0.0
3453,33.53,0.0
3454,33.53,0.0
3455,33.53,0.0
3456,33.53,0.0
3457,33.53,0.0
3458,33.53,0.0
3459,33.53,0.0
3460,33.53,0.0
3461,33.53,0.0
3462,33.53,0.0
3463,33.53,0.0
3464,33.53,0.0
3465,33.53,0.0
3466,33.53,0.0
3467,33.53,0.0
3468,33.53,0.0
3469,33.53,0.0
3470,33.53,0.0
3471,33.53,0.0
3472,33.53,0.0
3473,33.53,0.0
3474,33.53,0.0
3475,33.53,0.0
3476,33.53,0.0
3477,33.53,0.0
3478,33.53,0.0
3479,33.53,0.0
3480,33.53,0.0
3481,33.53,0.0
3482,33.53,0.0
3483,33.53,0.0
3484,33.53,0.0
3485,33.53,0.0
3486,33.53,0.0
3487,33.53,0.0
3488,33.53,0.0
3489,33.53,0.0
3490,33.53,0.0
3491,33.53,0.0
3492,33.53,0.0
3493,33.53,0.0
3494,33.53,0.0
3495,33.53,0.0
3496,33.53,0.0
3497,33.53,0.0
3498,33.53,0.0
3499,33.53,0.0
3500,33.53,0.0
3501,33.53,0.0
3502,33.53,0.0
3503,33.53,0.0
3504,33.53,0.0
3505,33.53,0.0
3506,33.53,0.0
3507,33.53,0.0
3508,33.53,0.0
3509,33.53,0.0
3510,33.53,0.0
3511,33.53,0.0
3512,33.53,0.0
3513,33.53,0.0
3514,33.53,0.0
3515,33.53,0.0
3516,33.53,0.0
3517,33.53,0.0
3518,33.53,0.0
3519,33.53,0.0
3520,33.53,0.0
3521,33.53,0.0
3522,33.53,0.0
3523,33.53,0.0
3524,33.53,0.0
3525,33.53,0.0
3526,33.53,0.0
3527,33.53,0.0
3528,33.53,0.0
3529,33.53,0.0
3530,33.53,0.0
3531,33.53,0.0
3532,33.53,0.0
3533,33.53,0.0
3534,33.53,0.0
3535,33.53,0.0
3536,33.53,0.0
3537,33.53,0.0
3538,33.53,0.0
3539,33.53,0.0
3540,33.53,0.0
3541,33.53,0.0
3542,33.53,0.0
3543,33.53,0.0
3544,33.53,0.0
3545,33.53,0.0
3546,33.53,0.0
3547,33.53,0.0
3548,33.53,0.0
3549,33.53,0.0
3550,33.53,0.0
3551,33.53,0.0
3552,33.53,0.0
3553,33.53,0.0
3554,33.53,0.0
3555,33.53,0.0
3556,33.53,0.0
3557,33.53,0.0
3558,33.53,0.0
3559,33.53,0.0
3560,33.53,0.0
3561,33.53,0.0
3562,33.53,0.0
3563,33.53,0.0
3564,33.53,0.0
3565,33.53,0.0
3566,33.53,0.0
3567,33.53,0.0
3568,33.53,0.0
3569,33.53,0.0
3570,33.53,0.0
3571,33.53,0.0
3572,33.53,0.0
3573,33.53,0.0
3574,33.53,0.0
3575,33.53,0.0
3576,33.53,0.0
3577,33.53,0.0
3578,33.53,0.0
3579,33.53,0.0
3580,33.53,0.0
3581,33.53,0.0
3582,33.53,0.0
3583,33.53,0.0
3584,33.53,0.0
3585,33.53,0.0
3586,33.53,0.0
3587,33.53,0.0
3588,33.53,0.0
3589,33.53,0.0
3590,33.53,0.0
3591,33.53,0.0
3592,33.53,0.0
3593,33.53,0.0
3594,33.53,0.0
3595,33.53,0.0
3596,33.53,0.0
3597,33.53,0.0
3598,33.53,0.0
3599,33.53,0.0
3600,33.53,0.0
3601,33.53,0.0
3602,33.53,0.0
3603,33.53,0.0
3604,33.53,0.0
3605,33.53,0.0
3606,33.53,0.0
3607,33.53,0.0
3608,33.53,0.0
3609,33.53,0.0
3610,33.53,0.0
3611,33.53,0.0
3612,33.53,0.0
3613,33.53,0.0
3614,33.53,0.0
3615,33.53,0.0
3616,33.53,0.0
3617,33.53,0.0
3618,33.53,0.0
3619,33.53,0.0
3620,33.53,0.0
3621,33.53,0.0
3622,33.53,0.0
3623,33.53,0.0
3624,33.53,0.0
3625,33.53,0.0
3626,33.53,0.0
3627,33.53,0.0
3628,33.53,0.0
3629,33.53,0.0
3630,33.53,0.0
3631,33.53,0.0
3632,33.53,0.0
3633,33.53,0.0
3634,33.53,0.0
3635,33.53,0.0
3636,33.53,0.0
3637,33.53,0.0
3638,33.53,0.0
3639,33.53,0.0
3640,33.53,0.0
3641,33.53,0.0
3642,33.53,0.0
3643,33.53,0.0
3644,33.53,0.0
3645,33.53,0.0
3646,33.53,0.0
3647,33.53,0.0
3648,33.53,0.0
3649,33.53,0.0
3650,33.53,0.0
3651,33.53,0.0
3652,33.53,0.0
3653,33.53,0.0
3654,33.53,0.0
3655,33.53,0.0
3656,33.53,0.0
3657,33.53,0.0
3658,33.53,0.0
3659,33.53,0.0
3660,33.53,0.0
3661,33.53,0.0
3662,33.53,0.0
3663,33.53,0.0
3664,33.53,0.0
3665,33.53,0.0
3666,33.53,0.0
3667,33.53,0.0
3668,33.53,0.0
3669,33.53,0.0
3670,33.53,0.0
3671,33.53,0.0
3672,33.53,0.0
3673,33.53,0.0
3674,33.53,0.0
3675,33.53,0.0
3676,33.53,0.0
3677,33.53,0.0
3678,33.53,0.0
3679,33.53,0.0
3680,33.53,0.0
3681,33.53,0.0
3682,33.53,0.0
3683,33.53,0.0
3684,33.53,0.0
3685,33.53,0.0
3686,33.53,0.0
3687,33.53,0.0
3688,33.53,0.0
3689,33.53,0.0
3690,33.53,0.0
3691,33.53,0.0
3692,33.53,0.0
3693,33.53,0.0
3694,33.53,0.0
3695,33.53,0.0
3696,33.53,0.0
3697,33.53,0.0
3698,33.53,0.0
3699,33.53,0.0
3700,33.53,0.0
3701,33.53,0.0
3702,33.53,0.0
3703,33.53,0.0
3704,33.53,0.0
3705,33.53,0.0
3706,33.53,0.0
3707,33.53,0.0
3708,33.53,0.0
3709,33.53,0.0
3710,33.53,0.0
3711,33.53,0.0
3712,33.53,0.0
3713,33.53,0.0
3714,33.53,0.0
3715,33.53,0.0
3716,33.53,0.0
3717,33.53,0.0
3718,33.53,0.0
3719,33.53,0.0
3720,33.53,0.0
3721,33.53,0.0
3722,33.53,0.0
3723,33.53,0.0
3724,33.53,0.0
3725,33.53,0.0
3726,33.53,0.0
3727,33.53,0.0
3728,33.53,0.0
3729,33.53,0.0
3730,33.53,0.0
3731,33.53,0.0
3732,33.53,0.0
3733,33.53,0.0
3734,33.53,0.0
3735,33.53,0.0
3736,33.53,0.0
3737,33.53,0.0
3738,33.53,0.0
3739,33.53,0.0
3740,33.53,0.0
3741,33.53,0.0
3742,33.53,0.0
3743,33.53,0.0
3744,33.53,0.0
3745,33.53,0.0
3746,33.53,0.0
3747,33.53,0.0
3748,33.53,0.0
3749,33.53,0.0
3750,33.53,0.0
3751,33.53,0.0
3752,33.53,0.0
3753,33.53,0.0
3754,33.53,0.0
3755,33.53,0.0
3756,33.53,0.0
3757,33.53,0.0
3758,33.53,0.0
3759,33.53,0.0
3760,33.53,0.0
3761,33.53,0.0
3762,33.53,0.0
3763,33.53,0.0
3764,33.53,0.0
3765,33.53,0.0
3766,33.53,0.0
3767,33.53,0.0
3768,33.53,0.0
3769,33.53,0.0
3770,33.53,0.0
3771,33.53,0.0
3772,33.53,0.0
3773,33.53,0.0
3774,33.53,0.0
3775,33.53,0.0
3776,33.53,0.0
3777,33.53,0.0
3778,33.53,0.0
3779,33.53,0.0
3780,33.53,0.0
3781,33.53,0.0
3782,33.53,0.0
3783,33.53,0.0
3784,33.53,0.0
3785,33.53,0.0
3786,33.53,0.0
3787,33.53,0.0
3788,33.53,0.0
3789,33.53,0.0
3790,33.53,0.0
3791,33.53,0.0
3792,33.53,0.0
3793,33.53,0.0
3794,33.53,0.0
3795,33.53,0.0
3796,33.53,0.0
3797,33.53,0.0
3798,33.53,0.0
3799,33.53,0.0
3800,33.53,0.0
3801,33.53,0.0
3802,33.53,0.0
3803,33.53,0.0
3804,33.53,0.0
3805,33.53,0.0
3806,33.53,0.0
3807,33.53,0.0
3808,33.53,0.0
3809,33.53,0.0
3810,33.53,0.0
3811,33.53,0.0
3812,33.53,0.0
3813,33.53,0.0
3814,33.53,0.0
3815,33.53,0.0
3816,33.53,0.0
3817,33.53,0.0
3818,33.53,0.0
3819,33.53,0.0
3820,33.53,0.0
3821,33.53,0.0
3822,33.53,0.0
3823,33.53,0.0
3824,33.53,0.0
3825,33.53,0.0
3826,33.53,0.0
3827,33.53,0.0
3828,33.53,0.0
3829,33.53,0.0
3830,33.53,0.0
3831,33.53,0.0
3832,33.53,0.0
3833,33.53,0.0
3834,33.53,0.0
3835,33.53,0.0
3836,33.53,0.0
3837,33.53,0.0
3838,33.53,0.0
3839,33.53,0.0
3840,33.53,0.0
3841,33.53,0.0
3842,33.53,0.0
3843,33.53,0.0
3844,33.53,0.0
3845,33.53,0.0
3846,33.53,0.0
3847,33.53,0.0
3848,33.53,0.0
3849,33.53,0.0
3850,33.53,0.0
3851,33.53,0.0
3852,33.53,0.0
3853,33.53,0.0
3854,33.53,0.0
3855,33.53,0.0
3856,33.53,0.0
3857,33.53,0.0
3858,33.53,0.0
3859,33.53,0.0
3860,33.53,0.0
3861,33.53,0.0
3862,33.53,0.0
3863,33.53,0.0
3864,33.53,0.0
3865,33.53,0.0
3866,33.53,0.0
3867,33.53,0.0
3868,33.53,0.0
3869,33.53,0.0
3870,33.53,0.0
3871,33.53,0.0
3872,33.53,0.0
3873,33.53,0.0
3874,33.53,0.0
3875,33.53,0.0
3876,33.53,0.0
3877,33.53,0.0
3878,33.53,0.0
3879,33.53,0.0
3880,33.53,0.0
3881,33.53,0.0
3882,33.53,0.0
3883,33.53,0.0
3884,33.53,0.0
3885,33.53,0.0
3886,33.53,0.0
3887,33.53,0.0
3888,33.53,0.0
3889,33.53,0.0
3890,33.53,0.0
3891,33.53,0.0
3892,33.53,0.0
3893,33.53,0.0
3894,33.53,0.0
3895,33.53,0.0
3896,33.53,0.0
3897,33.53,0.0
3898,33.53,0.0
3899,33.53,0.0
3900,33.53,0.0
3901,33.53,0.0
3902,33.53,0.0
3903,33.53,0.0
3904,33.53,0.0
3905,33.53,0.0
3906,33.53,0.0
3907,33.53,0.0
3908,33.53,0.0
3909,33.53,0.0
3910,33.53,0.0
3911,33.53,0.0
3912,33.53,0.0
3913,33.53,0.0
3914,33.53,0.0
3915,33.53,0.0
3916,33.53,0.0
3917,33.53,0.0
3918,33.53,0.0
3919,33.53,0.0
3920,33.53,0.0
3921,33.53,0.0
3922,33.53,0.0
3923,33.53,0.0
3924,33.53,0.0
3925,33.53,0.0
3926,33.53,0.0
3927,33.53,0.0
3928,33.53,0.0
3929,33.53,0.0
3930,33.53,0.0
3931,33.53,0.0
3932,33.53,0.0
3933,33.53,0.0
3934,33.53,0.0
3935,33.53,0.0
3936,33.53,0.0
3937,33.53,0.0
3938,33.53,0.0
3939,33.53,0.0
3940,33.53,0.0
3941,33.53,0.0
3942,33.53,0.0
3943,33.53,0.0
3944,33.53,0.0
3945,33.53,0.0
3946,33.53,0.0
3947,33.53,0.0
3948,33.53,0.0
3949,33.53,0.0
3950,33.53,0.0
3951,33.53,0.0
3952,33.53,0.0
3953,33.53,0.0
3954,33.53,0.0
3955,33.53,0.0
3956,33.53,0.0
3957,33.53,0.0
3958,33.53,0.0
3959,33.53,0.0
3960,33.53,0.0
3961,33.53,0.0
3962,33.53,0.0
3963,33.53,0.0
3964,33.53,0.0
3965,33.53,0.0
3966,33.53,0.0
3967,33.53,0.0
3968,33.53,0.0
3969,33.53,0.0
3970,33.53,0.0
3971,33.53,0.0
3972,33.53,0.0
3973,33.53,0.0
3974,33.53,0.0
3975,33.53,0.0
3976,33.53,0.0
3977,33.53,0.0
3978,33.53,0.0
3979,33.53,0.0
3980,33.53,0.0
3981,33.53,0.0
3982,33.53,0.0
3983,33.53,0.0
3984,33.53,0.0
3985,33.53,0.0
3986,33.53,0.0
3987,33.53,0.0
3988,33.53,0.0
3989,33.53,0.0
3990,33.53,0.0
3991,33.53,0.0
3992,33.53,0.0
3993,33.53,0.0
3994,33.53,0.0
3995,33.53,0.0
3996,33.53,0.0
3997,33.53,0.0
3998,33.53,0.0
3999,33.53,0.0
4000,33.53,0.0
4001,33.53,0.0
4002,33.53,0.0
4003,33.53,0.0
4004,33.53,0.0
4005,33.53,0.0
4006,33.53,0.0
4007,33.53,0.0
4008,33.53,0.0
4009,33.53,0.0
4010,33.53,0.0
4011,33.53,0.0
4012,33.53,0.0
4013,33.53,0.0
4014,33.53,0.0
4015,33.53,0.0
4016,33.53,0.0
4017,33.53,0.0
4018,33.53,0.0
4019,33.53,0.0
4020,33.53,0.0
4021,33.53,0.0
4022,33.53,0.0
4023,33.53,0.0
4024,33.53,0.0
4025,33.53,0.0
4026,33.53,0.0
4027,33.53,0.0
4028,33.53,0.0
4029,33.53,0.0
4030,33.53,0.0
4031,33.53,0.0
4032,33.53,0.0
4033,33.53,0.0
4034,33.53,0.0
4035,33.53,0.0
4036,33.53,0.0
4037,33.53,0.0
4038,33.53,0.0
4039,33.53,0.0
4040,33.53,0.0
4041,33.53,0.0
4042,33.53,0.0
4043,33.53,0.0
4044,33.53,0.0
4045,33.53,0.0
4046,33.53,0.0
4047,33.53,0.0
4048,33.53,0.0
4049,33.53,0.0
4050,33.53,0.0
4051,33.53,0.0
4052,33.53,0.0
4053,33.53,0.0
4054,33.53,0.0
4055,33.53,0.0
4056,33.53,0.0
4057,33.53,0.0
4058,33.53,0.0
4059,33.53,0.0
4060,33.53,0.0
4061,33.53,0.0
4062,33.53,0.0
4063,33.53,0.0
4064,33.53,0.0
4065,33.53,0.0
4066,33.53,0.0
4067,33.53,0.0
4068,33.53,0.0
4069,33.53,0.0
4070,33.53,0.0
4071,33.53,0.0
4072,33.53,0.0
4073,33.53,0.0
4074,33.53,0.0
4075,33.53,0.0
4076,33.53,0.0
4077,33.53,0.0
4078,33.53,0.0
4079,33.53,0.0
4080,33.53,0.0
4081,33.53,0.0
4082,33.53,0.0
4083,33.53,0.0
4084,33.53,0.0
4085,33.53,0.0
4086,33.53,0.0
4087,33.53,0.0
4088,33.53,0.0
4089,33.53,0.0
4090,33.53,0.0
4091,33.53,0.0
4092,33.53,0.0
4093,33.53,0.0
4094,33.53,0.0
4095,33.53,0.0
4096,33.53,0.0
4097,33.53,0.0
4098,33.53,0.0
4099,33.53,0.0
4100,33.53,0.0
4101,33.53,0.0
4102,33.53,0.0
4103,33.53,0.0
4104,33.53,0.0
4105,33.53,0.0
4106,33.53,0.0
4107,33.53,0.0
4108,33.53,0.0
4109,33.53,0.0
4110,33.53,0.0
4111,33.53,0.0
4112,33.53,0.0
4113,33.53,0.0
4114,33.53,0.0
4115,33.53,0.0
4116,33.53,0.0
4117,33.53,0.0
4118,33.53,0.0
4119,33.53,0.0
4120,33.53,0.0
4121,33.53,0.0
4122,33.53,0.0
4123,33.53,0.0
4124,33.53,0.0
4125,33.53,0.0
4126,33.53,0.0
4127,33.53,0.0
4128,33.53,0.0
4129,33.53,0.0
4130,33.53,0.0
4131,33.53,0.0
4132,33.53,0.0
4133,33.53,0.0
4134,33.53,0.0
4135,33.53,0.0
4136,33.53,0.0
4137,33.53,0.0
4138,33.53,0.0
4139,33.53,0.0
4140,33.53,0.0
4141,33.53,0.0
4142,33.53,0.0
4143,33.53,0.0
4144,33.53,0.0
4145,33.53,0.0
4146,33.53,0.0
4147,33.53,0.0
4148,33.53,0.0
4149,33.53,0.0
4150,33.53,0.0
4151,33.53,0.0
4152,33.53,0.0
4153,33.53,0.0
4154,33.53,0.0
4155,33.53,0.0
4156,33.53,0.0
4157,33.53,0.0
4158,33.53,0.0
4159,33.53,0.0
4160,33.53,0.0
4161,33.53,0.0
4162,33.53,0.0
4163,33.53,0.0
4164,33.53,0.0
4165,33.53,0.0
4166,33.53,0.0
4167,33.53,0.0
4168,33.53,0.0
4169,33.53,0.0
4170,33.53,0.0
4171,33.53,0.0
4172,33.53,0.0
4173,33.53,0.0
4174,33.53,0.0
4175,33.53,0.0
4176,33.53,0.0
4177,33.53,0.0
4178,33.53,0.0
4179,33.53,0.0
4180,33.53,0.0
4181,33.53,0.0
4182,33.53,0.0
4183,33.53,0.0
4184,33.53,0.0
4185,33.53,0.0
4186,33.53,0.0
4187,33.53,0.0
4188,33.53,0.0
4189,33.53,0.0
4190,33.53,0.0
4191,33.53,0.0
4192,33.53,0.0
4193,33.53,0.0
4194,33.53,0.0
4195,33.53,0.0
4196,33.53,0.0
4197,33.53,0.0
4198,33.53,0.0
4199,33.53,0.0
4200,33.53,0.0
4201,33.53,0.0
4202,33.53,0.0
4203,33.53,0.0
4204,33.53,0.0
4205,33.53,0.0
4206,33.53,0.0
4207,33.53,0.0
4208,33.53,0.0
4209,33.53,0.0
4210,33.53,0.0
4211,33.53,0.0
4212,33.53,0.0
4213,33.53,0.0
4214,33.53,0.0
4215,33.53,0.0
4216,33.53,0.0
4217,33.53,0.0
4218,33.53,0.0
4219,33.53,0.0
4220,33.53,0.0
4221,33.53,0.0
4222,33.53,0.0
4223,33.53,0.0
4224,33.53,0.0
4225,33.53,0.0
4226,33.53,0.0
4227,33.53,0.0
4228,33.53,0.0
4229,33.53,0.0
4230,33.53,0.0
4231,33.53,0.0
4232,33.53,0.0
4233,33.53,0.0
4234,33.53,0.0
4235,33.53,0.0
4236,33.53,0.0
4237,33.53,0.0
4238,33.53,0.0
4239,33.53,0.0
4240,33.53,0.0
4241,33.53,0.0
4242,33.53,0.0
4243,33.53,0.0
4244,33.53,0.0
4245,33.53,0.0
4246,33.53,0.0
4247,33.53,0.0
4248,33.53,0.0
4249,33.53,0.0
4250,33.53,0.0
4251,33.53,0.0
4252,33.53,0.0
4253,33.53,0.0
4254,33.53,0.0
4255,33.53,0.0
4256,33.53,0.0
4257,33.53,0.0
4258,33.53,0.0
4259,33.53,0.0
4260,33.53,0.0
4261,33.53,0.0
4262,33.53,0.0
4263,33.53,0.0
4264,33.53,0.0
4265,33.53,0.0
4266,33.53,0.0
4267,33.53,0.0
4268,33.53,0.0
4269,33.53,0.0
4270,33.53,0.0
4271,33.53,0.0
4272,33.53,0.0
4273,33.53,0.0
4274,33.53,0.0
4275,33.53,0.0
4276,33.53,0.0
4277,33.53,0.0
4278,33.53,0.0
4279,33.53,0.0
4280,33.53,0.0
4281,33.53,0.0
4282,33.53,0.0
4283,33.53,0.0
4284,33.53,0.0
4285,33.53,0.0
4286,33.53,0.0
4287,33.53,0.0
4288,33.53,0.0
4289,33.53,0.0
4290,33.53,0.0
4291,33.53,0.0
4292,33.53,0.0
4293,33.53,0.0
4294,33.53,0.0
4295,33.53,0.0
4296,33.53,0.0
4297,33.53,0.0
4298,33.53,0.0
4299,33.53,0.0
4300,33.53,0.0
4301,33.53,0.0
4302,33.53,0.0
4303,33.53,0.0
4304,33.53,0.0
4305,33.53,0.0
4306,33.53,0.0
4307,33.53,0.0
4308,33.53,0.0
4309,33.53,0.0
4310,33.53,0.0
4311,33.53,0.0
4312,33.53,0.0
4313,33.53,0.0
4314,33.53,0.0
4315,33.53,0.0
4316,33.53,0.0
4317,33.53,0.0
4318,33.53,0.0
4319,33.53,0.0
4320,33.53,0.0
4321,33.53,0.0
4322,33.53,0.0
4323,33.53,0.0
4324,33.53,0.0
4325,33.53,0.0
4326,33.53,0.0
4327,33.53,0.0
4328,33.53,0.0
4329,33.53,0.0
4330,33.53,0.0
4331,33.53,0.0
4332,33.53,0.0
4333,33.53,0.0
4334,33.53,0.0
4335,33.53,0.0
4336,33.53,0.0
4337,33.53,0.0
4338,33.53,0.0
4339,33.53,0.0
4340,33.53,0.0
4341,33.53,0.0
4342,33.53,0.0
4343,33.53,0.0
4344,33.53,0.0
4345,33.53,0.0
4346,33.53,0.0
4347,33.53,0.0
4348,33.53,0.0
4349,33.53,0.0
4350,33.53,0.0
4351,33.53,0.0
4352,33.53,0.0
4353,33.53,0.0
4354,33.53,0.0
4355,33.53,0.0
4356,33.53,0.0
4357,33.53,0.0
4358,33.53,0.0
4359,33.53,0.0
4360,33.53,0.0
4361,33.53,0.0
4362,33.53,0.0
4363,33.53,0.0
4364,33.53,0.0
4365,33.53,0.0
4366,33.53,0.0
4367,33.53,0.0
4368,33.53,0.0
4369,33.53,0.0
4370,33.53,0.0
4371,33.53,0.0
4372,33.53,0.0
4373,33.53,0.0
4374,33.53,0.0
4375,33.53,0.0
4376,33.53,0.0
4377,33.53,0.0
4378,33.53,0.0
4379,33.53,0.0
4380,33.53,0.0
4381,33.53,0.0
4382,33.53,0.0
4383,33.53,0.0
4384,33.53,0.0
4385,33.53,0.0
4386,33.53,0.0
4387,33.53,0.0
4388,33.53,0.0
4389,33.53,0.0
4390,33.53,0.0
4391,33.53,0.0
4392,33.53,0.0
4393,33.53,0.0
4394,33.53,0.0
4395,33.53,0.0
4396,33.53,0.0
4397,33.53,0.0
4398,33.53,0.0
4399,33.53,0.0
4400,33.53,0.0
4401,33.53,0.0
4402,33.53,0.0
4403,33.53,0.0
4404,33.53,0.0
4405,33.53,0.0
4406,33.53,0.0
4407,33.53,0.0
4408,33.53,0.0
4409,33.53,0.0
4410,33.53,0.0
4411,33.53,0.0
4412,33.53,0.0
4413,33.53,0.0
4414,33.53,0.0
4415,33.53,0.0
4416,33.53,0.0
4417,33.53,0.0
4418,33.53,0.0
4419,33.53,0.0
4420,33.53,0.0
4421,33.53,0.0
4422,33.53,0.0
4423,33.53,0.0
4424,33.53,0.0
4425,33.53,0.0
4426,33.53,0.0
4427,33.53,0.0
4428,33.53,0.0
4429,33.53,0.0
4430,33.53,0.0
4431,33.53,0.0
4432,33.53,0.0
4433,33.53,0.0
4434,33.53,0.0
4435,33.53,0.0
4436,33.53,0.0
4437,33.53,0.0
4438,33.53,0.0
4439,33.53,0.0
4440,33.53,0.0
4441,33.53,0.0
4442,33.53,0.0
4443,33.53,0.0
4444,33.53,0.0
4445,33.53,0.0
4446,33.53,0.0
4447,33.53,0.0
4448,33.53,0.0
4449,33.53,0.0
4450,33.53,0.0
4451,33.53,0.0
4452,33.53,0.0
4453,33.53,0.0
4454,33.53,0.0
4455,33.53,0.0
4456,33.53,0.0
4457,33.53,0.0
4458,33.53,0.0
4459,33.53,0.0
4460,33.53,0.0
4461,33.53,0.0
4462,33.53,0.0
4463,33.53,0.0
4464,33.53,0.0
4465,33.53,0.0
4466,33.53,0.0
4467,33.53,0.0
4468,33.53,0.0
4469,33.53,0.0
4470,33.53,0.0
4471,33.53,0.0
4472,33.53,0.0
4473,33.53,0.0
4474,33.53,0.0
4475,33.53,0.0
4476,33.53,0.0
4477,33.53,0.0
4478,33.53,0.0
4479,33.53,0.0
4480,33.53,0.0
4481,33.53,0.0
4482,33.53,0.0
4483,33.53,0.0
4484,33.53,0.0
4485,33.53,0.0
4486,33.53,0.0
4487,33.53,0.0
4488,33.53,0.0
4489,33.53,0.0
4490,33.53,0.0
4491,33.53,0.0
4492,33.53,0.0
4493,33.53,0.0
4494,33.53,0.0
4495,33.53,0.0
4496,33.53,0.0
4497,33.53,0.0
4498,33.53,0.0
4499,33.53,0.0
4500,33.53,0.0
4501,33.53,0.0
4502,33.53,0.0
4503,33.53,0.0
4504,33.53,0.0
4505,33.53,0.0
4506,33.53,0.0
4507,33.53,0.0
4508,33.53,0.0
4509,33.53,0.0
4510,33.53,0.0
4511,33.53,0.0
4512,33.53,0.0
4513,33.53,0.0
4514,33.53,0.0
4515,33.53,0.0
4516,33.53,0.0
4517,33.53,0.0
4518,33.53,0.0
4519,33.53,0.0
4520,33.53,0.0
4521,33.53,0.0
4522,33.53,0.0
4523,33.53,0.0
4524,33.53,0.0
4525,33.53,0.0
4526,33.53,0.0
4527,33.53,0.0
4528,33.53,0.0
4529,33.53,0.0
4530,33.53,0.0
4531,33.53,0.0
4532,33.53,0.0
4533,33.53,0.0
4534,33.53,0.0
4535,33.53,0.0
4536,33.53,0.0
4537,33.53,0.0
4538,33.53,0.0
4539,33.53,0.0
4540,33.53,0.0
4541,33.53,0.0
4542,33.53,0.0
4543,33.53,0.0
4544,33.53,0.0
4545,33.53,0.0
4546,33.53,0.0
4547,33.53,0.0
4548,33.53,0.0
4549,33.53,0.0
4550,33.53,0.0
4551,33.53,0.0
4552,33.53,0.0
4553,33.53,0.0
4554,33.53,0.0
4555,33.53,0.0
4556,33.53,0.0
4557,33.53,0.0
4558,33.53,0.0
4559,33.53,0.0
4560,33.53,0.0
4561,33.53,0.0
4562,33.53,0.0
4563,33.53,0.0
4564,33.53,0.0
4565,33.53,0.0
4566,33.53,0.0
4567,33.53,0.0
4568,33.53,0.0
4569,33.53,0.0
4570,33.53,0.0
4571,33.53,0.0
4572,33.53,0.0
4573,33.53,0.0
4574,33.53,0.0
4575,33.53,0.0
4576,33.53,0.0
4577,33.53,0.0
4578,33.53,0.0
4579,33.53,0.0
4580,33.53,0.0
4581,33.53,0.0
4582,33.53,0.0
4583,33.53,0.0
4584,33.53,0.0
4585,33.53,0.0
4586,33.53,0.0
4587,33.53,0.0
4588,33.53,0.0
4589,33.53,0.0
4590,33.53,0.0
4591,33.53,0.0
4592,33.53,0.0
4593,33.53,0.0
4594,33.53,0.0
4595,33.53,0.0
4596,33.53,0.0
4597,33.53,0.0
4598,33.53,0.0
4599,33.53,0.0
4600,33.53,0.0
4601,33.53,0.0
4602,33.53,0.0
4603,33.53,0.0
4604,33.53,0.0
4605,33.53,0.0
4606,33.53,0.0
4607,33.53,0.0
4608,33.53,0.0
4609,33.53,0.0
4610,33.53,0.0
4611,33.53,0.0
4612,33.53,0.0
4613,33.53,0.0
4614,33.53,0.0
4615,33.53,0.0
4616,33.53,0.0
4617,33.53,0.0
4618,33.53,0.0
4619,33.53,0.0
4620,33.53,0.0
4621,33.53,0.0
4622,33.53,0.0
4623,33.53,0.0
4624,33.53,0.0
4625,33.53,0.0
4626,33.53,0.0
4627,33.53,0.0
4628,33.53,0.0
4629,33.53,0.0
4630,33.53,0.0
4631,33.53,0.0
4632,33.53,0.0
4633,33.53,0.0
4634,33.53,0.0
4635,33.53,0.0
4636,33.53,0.0
4637,33.53,0.0
4638,33.53,0.0
4639,33.53,0.0
4640,33.53,0.0
4641,33.53,0.0
4642,33.53,0.0
4643,33.53,0.0
4644,33.53,0.0
4645,33.53,0.0
4646,33.53,0.0
4647,33.53,0.0
4648,33.53,0.0
4649,33.53,0.0
4650,33.53,0.0
4651,33.53,0.0
4652,33.53,0.0
4653,33.53,0.0
4654,33.53,0.0
4655,33.53,0.0
4656,33.53,0.0
4657,33.53,0.0
4658,33.53,0.0
4659,33.53,0.0
4660,33.53,0.0
4661,33.53,0.0
4662,33.53,0.0
4663,33.53,0.0
4664,33.53,0.0
4665,33.53,0.0
4666,33.53,0.0
4667,33.53,0.0
4668,33.53,0.0
4669,33.53,0.0
4670,33.53,0.0
4671,33.53,0.0
4672,33.53,0.0
4673,33.53,0.0
4674,33.53,0.0
4675,33.53,0.0
4676,33.53,0.0
4677,33.53,0.0
4678,33.53,0.0
4679,33.53,0.0
4680,33.53,0.0
4681,33.53,0.0
4682,33.53,0.0
4683,33.53,0.0
4684,33.53,0.0
4685,33.53,0.0
4686,33.53,0.0
4687,33.53,0.0
4688,33.53,0.0
4689,33.53,0.0
4690,33.53,0.0
4691,33.53,0.0
4692,33.53,0.0
4693,33.53,0.0
4694,33.53,0.0
4695,33.53,0.0
4696,33.53,0.0
4697,33.53,0.0
4698,33.53,0.0
4699,33.53,0.0
4700,33.53,0.0
4701,33.53,0.0
4702,33.53,0.0
4703,33.53,0.0
4704,33.53,0.0
4705,33.53,0.0
4706,33.53,0.0
4707,33.53,0.0
4708,33.53,0.0
4709,33.53,0.0
4710,33.53,0.0
4711,33.53,0.0
4712,33.53,0.0
4713,33.53,0.0
4714,33.53,0.0
4715,33.53,0.0
4716,33.53,0.0
4717,33.53,0.0
4718,33.53,0.0
4719,33.53,0.0
4720,33.53,0.0
4721,33.53,0.0
4722,33.53,0.0
4723,33.53,0.0
4724,33.53,0.0
4725,33.53,0.0
4726,33.53,0.0
4727,33.53,0.0
4728,33.53,0.0
4729,33.53,0.0
4730,33.53,0.0
4731,33.53,0.0
4732,33.53,0.0
4733,33.53,0.0
4734,33.53,0.0
4735,33.53,0.0
4736,33.53,0.0
4737,33.53,0.0
4738,33.53,0.0
4739,33.53,0.0
4740,33.53,0.0
4741,33.53,0.0
4742,33.53,0.0
4743,33.53,0.0
4744,33.53,0.0
4745,33.53,0.0
4746,33.53,0.0
4747,33.53,0.0
4748,33.53,0.0
4749,33.53,0.0
4750,33.53,0.0
4751,33.53,0.0
4752,33.53,0.0
4753,33.53,0.0
4754,33.53,0.0
4755,33.53,0.0
4756,33.53,0.0
4757,33.53,0.0
4758,33.53,0.0
4759,33.53,0.0
4760,33.53,0.0
4761,33.53,0.0
4762,33.53,0.0
4763,33.53,0.0
4764,33.53,0.0
4765,33.53,0.0
4766,33.53,0.0
4767,33.53,0.0
4768,33.53,0.0
4769,33.53,0.0
4770,33.53,0.0
4771,33.53,0.0
4772,33.53,0.0
4773,33.53,0.0
4774,33.53,0.0
4775,33.53,0.0
4776,33.53,0.0
4777,33.53,0.0
4778,33.53,0.0
4779,33.53,0.0
4780,33.53,0.0
4781,33.53,0.0
4782,33.53,0.0
4783,33.53,0.0
4784,33.53,0.0
4785,33.53,0.0
4786,33.53,0.0
4787,33.53,0.0
4788,33.53,0.0
4789,33.53,0.0
4790,33.53,0.0
4791,33.53,0.0
4792,33.53,0.0
4793,33.53,0.0
4794,33.53,0.0
4795,33.53,0.0
4796,33.53,0.0
4797,33.53,0.0
4798,33.53,0.0
4799,33.53,0.0
